sequence_1,sequence_2,sequence_3,sequence_4,sequence_5,sequence_6,sequence_7,sequence_8,sequence_9,sequence_10,sequence_11,sequence_12,sequence_13,sequence_14,sequence_15,sequence_16,sequence_17,sequence_18,sequence_19,sequence_20,sequence_21,sequence_22,sequence_23,sequence_24,sequence_25,sequence_26,sequence_27,sequence_28,sequence_29,sequence_30,sequence_31,sequence_32,sequence_33,sequence_34,sequence_35,sequence_36,sequence_37,sequence_38,sequence_39,sequence_40,sequence_41,sequence_42,sequence_43,sequence_44,sequence_45,sequence_46,sequence_47,sequence_48,sequence_49,sequence_50,sequence_51,sequence_52,sequence_53,sequence_54,sequence_55,sequence_56,sequence_57,sequence_58,sequence_59,sequence_60,sequence_61,sequence_62,sequence_63,sequence_64,sequence_65,sequence_66,sequence_67,sequence_68,sequence_69,sequence_70,sequence_71,sequence_72,sequence_73,sequence_74,sequence_75,sequence_76,sequence_77,sequence_78,sequence_79,sequence_80,sequence_81,sequence_82,sequence_83,sequence_84,sequence_85,sequence_86,sequence_87,sequence_88,sequence_89,sequence_90,sequence_91,sequence_92,sequence_93,sequence_94,sequence_95,sequence_96,sequence_97,sequence_98,sequence_99,sequence_100
232.62518,234.46341,229.89365,231.73996,231.4546,232.40057,222.58974,225.00629,228.33195,230.90173,233.04501,228.41522,231.68732,227.63013,233.68326,231.70036,233.64905,227.99373,228.88968,228.74414,230.21445,231.78197,227.7648,231.15225,225.85999,230.13132,229.26068,231.09024,229.47049,232.89638,230.95456,233.36914,230.30077,227.7635,231.10953,227.32634,228.87364,231.59319,231.57156,232.0336,227.21414,234.62982,230.16586,229.77939,232.63715,229.31284,230.16544,228.51791,233.98807,225.26633,231.11649,224.03091,234.2859,232.82104,223.6057,232.98596,231.93187,233.35213,232.19312,234.5784,227.36401,233.86435,219.79666,232.9415,233.28741,233.03479,232.14539,228.97343,231.1289,228.03333,233.41998,222.06757,230.43396,228.57848,233.54184,230.88174,228.4272,232.42668,229.77573,227.82544,234.31586,228.06892,229.91748,230.40218,225.71259,224.02795,234.35834,229.7355,229.01842,224.52003,235.08864,231.91931,232.9385,228.5503,232.71822,232.53076,230.31749,225.30807,230.1558,219.5398
228.65126,228.98761,225.3429,228.12471,224.92578,228.20956,220.05417,221.17236,220.18611,225.97952,229.51357,224.73827,224.62149,222.99228,226.99408,224.86267,227.68277,221.81268,222.86052,223.25624,223.55573,226.22418,223.12004,223.52841,225.34267,225.77872,226.83363,226.01457,223.83276,229.62128,223.3573,227.58438,221.56355,224.9599,226.51846,224.151,222.4873,226.03946,226.82169,227.35684,222.84041,230.24692,225.29834,226.55621,226.68509,222.42972,226.1853,223.61472,230.02797,217.88445,226.5657,221.33618,229.55702,228.15399,218.65085,227.81642,226.35754,228.80414,227.04716,227.44553,222.52289,227.72852,219.02982,227.71526,228.95047,225.80344,227.29872,223.28679,225.68742,225.2197,229.4356,219.27396,225.10693,226.45195,229.5752,223.7952,221.77533,226.8634,223.91864,223.19261,226.94589,222.8842,225.33174,223.37793,224.99957,220.26358,230.36472,225.3929,225.31696,222.09778,230.35498,227.16426,226.77032,223.70692,226.95071,228.42017,224.81169,220.89603,223.78548,217.75067
222.3888,223.58464,222.5184,222.58719,218.94702,223.13861,213.7089,214.07916,215.56436,221.56061,224.50241,219.16309,219.48912,215.22,221.31604,220.4471,224.38272,218.29321,218.64453,212.95847,219.53137,219.40364,215.63339,220.2765,220.45026,223.12625,219.19762,219.97325,222.02324,224.4535,219.14368,223.52884,218.36804,220.12633,224.26741,219.60889,219.40736,221.88727,222.26682,221.43732,215.02545,225.24255,216.51147,222.30093,219.03598,213.12704,221.78204,217.93182,226.05072,213.90186,223.65514,215.63486,225.05728,224.57034,206.56224,221.88345,222.8453,226.50879,219.40744,221.65105,216.71559,222.2769,210.07819,221.06699,222.5022,219.64447,223.18399,215.82211,219.68326,220.86664,223.66412,217.08934,221.4682,220.89778,224.71365,217.36633,209.32895,220.31569,216.2119,217.75299,222.63416,214.36707,218.80954,216.04114,217.41208,212.70694,226.41573,219.33952,220.91211,218.08655,225.93124,221.31609,221.0888,217.76144,219.16606,222.15137,219.02808,209.53973,219.2785,208.6323
222.26276,219.72418,217.29411,219.2205,214.06679,221.23679,211.4171,214.20674,218.81339,220.31198,225.21342,217.5383,216.52397,210.50505,222.47711,217.68298,218.31189,219.4015,219.58295,211.99435,218.11447,222.65329,217.1105,222.13942,218.71829,217.91272,220.78735,220.42258,219.4708,219.99557,215.3357,220.85547,218.59373,217.37106,222.16943,217.18547,215.6528,219.63832,219.73537,221.00465,213.83484,222.35893,215.63884,218.57916,216.57594,214.7284,219.0133,209.71008,223.76157,212.60193,216.01367,210.62723,221.65366,220.19543,214.92836,216.63297,217.35634,224.08597,217.4208,219.45547,204.50307,220.81229,208.79126,220.81024,220.55956,217.74115,218.93736,213.79648,220.5491,218.51953,219.74947,210.9939,218.53333,220.70215,222.98633,218.5671,209.28369,220.27112,219.33298,219.45508,218.62543,215.65555,218.24359,217.7939,212.09325,208.12564,224.81789,221.04771,216.60095,209.17833,222.41257,220.10483,221.26427,210.29562,220.31842,219.96394,220.88754,206.45343,217.5501,205.05466
219.83371,215.22226,213.52594,214.19646,209.53241,218.90051,206.71062,202.1416,211.21725,215.9921,218.85745,215.24442,210.07178,197.54375,217.59354,214.30948,217.28134,212.50769,199.92352,206.84665,211.94608,219.82744,208.2694,215.25813,213.41057,217.77351,206.79362,214.7132,211.62766,215.405,198.20877,217.74866,213.05838,206.50543,216.31055,213.9656,217.35217,215.2276,214.72461,216.8092,203.79964,220.46887,216.00504,216.61716,214.59749,203.985,219.54488,208.29385,221.72635,189.98355,213.59378,199.44446,219.46956,217.93591,195.92728,213.23557,212.54916,220.48,212.45174,217.66415,211.17862,215.82378,185.81406,218.68045,218.29591,210.07956,216.7461,209.91158,209.2782,215.79013,215.65613,198.4031,211.13914,214.23337,221.51611,212.09526,206.45338,214.06055,209.3107,198.1271,212.72858,211.59526,210.85979,213.02051,201.67377,203.55872,220.16489,213.27167,206.28697,207.87329,219.49945,216.97827,218.07721,207.37906,213.37383,217.06912,212.5274,200.06311,213.2771,191.29459
218.87698,217.04863,213.81775,216.80344,209.80399,218.14642,203.98198,209.33423,210.27592,215.73044,219.2637,214.93831,203.09361,201.89658,216.1943,214.8201,216.24382,205.56087,209.80374,201.67038,211.85309,214.44115,209.4999,212.22272,213.82507,215.46556,209.97888,213.3415,217.7592,212.79854,207.0745,218.90018,208.57428,209.90385,213.79468,216.23563,214.0469,214.3609,218.49045,212.36952,202.21703,216.17513,203.40369,213.24413,214.69733,201.18883,217.9148,213.05875,218.52292,196.4062,214.17297,204.1839,219.5475,211.17424,207.06396,207.40729,213.80928,222.11115,211.22015,214.39214,197.92865,215.61346,189.5401,213.41159,218.47284,215.94109,213.62427,197.32535,211.01862,217.80923,216.42856,201.19495,209.54099,218.37958,217.88263,213.3732,197.4524,208.17781,211.14502,194.49786,214.0249,212.77036,209.73259,208.51022,207.25716,190.75742,221.24153,216.06271,214.41809,206.45734,220.05627,212.59642,214.1976,205.26804,218.08913,216.47882,209.012,187.38316,210.21942,198.38312
217.00275,219.82986,213.94632,217.60443,217.62225,217.68842,203.17976,202.90598,208.61594,217.42221,220.10873,215.47354,213.45302,197.73277,214.57802,214.28125,216.01257,210.09616,212.18602,203.49179,213.09407,215.7506,200.65857,214.31729,210.46432,215.80719,216.79095,214.61023,216.40927,220.77539,208.19197,217.87004,203.30121,208.78078,217.07416,209.66638,213.19205,216.26146,218.5937,214.78522,208.56686,222.2348,200.86258,212.76387,215.61273,206.91568,215.87637,212.98653,221.60193,202.67285,215.17204,201.70093,219.95288,219.52966,200.96304,215.96404,213.9202,222.97113,215.25749,213.82413,204.86667,218.35754,199.35788,214.87437,219.65083,210.77798,211.30507,203.31747,214.73412,214.85144,216.50175,207.90125,213.73584,213.1482,219.06654,212.0104,200.80269,215.5701,213.77777,212.0433,216.33759,205.10513,213.18597,210.68103,211.18187,202.4117,221.98068,214.62167,214.64911,209.86987,220.89604,215.32831,214.44476,210.81238,213.67859,219.30415,210.17642,200.36629,213.05173,206.17609
223.08626,222.59692,219.02946,221.00066,215.26901,220.69626,211.83426,215.61917,210.70212,220.26184,222.96063,219.7982,213.44948,211.12929,222.98395,218.59114,219.56049,216.79684,214.2781,207.6195,218.7455,222.6531,214.69583,218.38824,219.41579,218.6966,219.49535,217.39413,219.71715,222.96388,212.64102,222.98276,215.5683,216.36598,222.40408,212.69992,213.79169,220.7656,219.19708,219.80559,209.40965,224.40677,215.02682,220.5947,217.38422,204.52832,218.01352,214.35449,226.06076,209.54382,219.28194,212.08133,223.28668,222.29492,212.47287,217.63525,219.17093,224.06245,219.42395,221.33014,213.56912,221.09082,203.48138,222.62245,221.15297,216.93481,221.94048,212.34273,216.3223,218.04861,221.87009,210.30148,216.46236,220.20445,223.47954,215.66829,210.56772,218.17545,213.69757,215.72946,218.07643,213.85194,215.4787,214.51936,216.75027,210.03235,226.42697,219.98863,216.56686,215.5173,223.83298,221.51581,222.85048,212.55698,219.15845,220.9408,219.26685,203.68695,216.88135,208.61234
226.48969,226.84348,225.24373,224.74776,223.39792,223.94801,218.26015,218.83571,221.49802,224.10556,226.6539,222.21576,222.0486,220.04094,225.12009,222.40848,224.83086,219.26073,220.04756,218.71246,222.44202,224.8836,219.6127,221.77487,222.39386,224.40068,221.9804,223.27129,223.549,225.20914,221.11832,226.61462,221.47708,221.63403,224.53696,221.03564,222.37265,224.58513,224.96567,223.22842,220.97476,227.4471,221.30928,224.32253,224.10683,221.3165,224.86603,223.10179,226.90958,215.75558,224.62486,217.16705,226.58952,224.47021,220.155,223.1197,222.08716,227.92128,222.29993,225.4267,219.0366,225.1271,216.2443,224.46681,224.56001,222.67812,224.64256,220.23454,222.93227,222.66846,224.7247,216.57516,221.93637,224.8229,226.34215,220.27823,217.60805,223.88373,221.0274,220.96129,225.28818,219.89209,220.54422,221.1614,221.70708,214.54044,228.48882,224.16995,224.3089,218.95952,226.30603,223.66208,224.19405,218.9913,223.65541,226.57532,223.07596,216.28314,220.92262,218.47757
223.98413,224.21469,223.3895,221.77402,222.69167,222.87717,218.48029,216.10315,220.71614,221.67029,225.50974,220.52798,219.65628,217.4965,224.1582,220.15317,221.98306,217.36719,219.69,219.50122,221.59439,224.198,219.14351,221.69244,222.46936,222.75542,220.67265,223.17874,221.17819,223.49919,219.63794,224.70505,219.58688,220.98438,224.32993,219.90395,222.48898,224.06308,222.9826,221.83496,218.10516,226.94365,222.9864,223.27556,221.65553,220.51866,225.39615,219.50378,226.75467,217.89545,222.31195,215.7031,224.94966,224.13779,217.27826,223.71315,219.32655,225.94006,223.26318,225.3556,220.24896,223.28946,215.37088,224.66006,223.13925,223.11118,224.18115,220.07297,220.70203,221.06004,224.7299,216.38649,222.27039,222.21982,227.15277,219.49066,218.73456,222.97823,220.7876,218.44778,223.68457,221.01443,220.98766,221.09824,219.48982,216.63574,227.39642,223.26962,220.72809,215.86496,226.09628,223.7816,223.04901,219.93208,221.88391,224.64957,224.12885,215.44481,220.7082,217.61026
223.65941,224.56973,223.0023,223.69537,219.38438,221.94406,215.45203,216.16428,214.05942,222.7218,223.45752,222.89911,215.62503,218.42064,224.82735,220.14182,222.8186,216.60275,217.35846,218.54085,220.60094,224.08347,218.2096,219.80069,221.12154,222.56625,222.52933,220.9188,223.32623,223.09914,220.41467,222.77094,218.39911,216.54979,221.20186,217.83168,221.68001,219.20905,224.10077,221.94696,216.87619,224.51456,219.4707,222.6818,222.2356,219.12956,223.40715,219.17767,225.86534,216.02368,220.92255,214.79276,222.29132,220.74023,217.29657,222.35727,219.02356,223.61026,222.6018,225.14462,220.43837,223.1188,213.58359,224.66928,223.76782,221.66628,224.11845,221.55725,221.03148,219.90552,223.01572,214.82135,220.87744,221.15045,226.28821,218.51561,215.5906,221.60617,221.28973,219.09518,222.1294,221.28949,218.15094,222.2521,217.67899,212.78857,226.3412,222.27402,220.10483,214.69098,224.10796,222.1272,224.18634,219.55257,223.6611,223.47775,223.5961,214.6803,215.17744,216.44788
221.54166,221.63123,217.5462,219.93588,217.07916,222.78445,210.88213,215.54445,214.51614,221.59776,222.8132,214.58803,217.76614,215.38704,219.63531,215.02673,218.58572,214.49168,215.5492,212.02805,213.72495,219.69046,211.55194,217.1375,217.59993,219.86534,219.54678,219.54172,216.99406,221.039,212.79108,220.20935,215.71408,216.12814,222.1916,216.55818,216.63954,219.60492,220.22964,218.97804,214.7815,223.42453,217.29572,218.89688,218.32385,216.73999,218.79749,217.04395,222.734,202.02267,219.68234,209.16763,221.0308,220.31927,210.3214,220.46431,219.12961,220.96786,212.65887,217.62158,208.14636,218.46597,211.20337,218.24136,221.54594,213.99551,220.37477,211.83159,218.9018,218.63919,221.82574,212.60152,217.91364,219.92766,221.90063,216.88608,208.02092,216.69156,218.10458,213.83951,218.30008,214.85175,217.03162,216.67366,217.15094,213.31024,221.74544,218.47899,214.20105,207.25449,221.54407,221.17181,215.32922,213.0516,217.53952,218.77142,217.90979,211.30977,217.2388,199.02994
220.40599,217.99875,215.5721,218.42029,216.26132,218.65445,206.7617,209.73898,215.10696,219.38135,221.31128,214.47433,216.07489,211.91403,221.00911,215.97725,216.18607,211.66081,215.50189,210.25058,217.5936,219.6762,214.48569,217.16019,216.87912,216.88928,219.47061,215.2717,215.71408,218.86623,214.07858,220.42282,215.96643,210.70395,219.21167,215.49358,215.17671,220.01808,219.09985,218.97018,213.67386,223.8885,214.7747,215.2083,217.73734,210.3133,219.33478,213.02913,222.17436,208.95291,217.44595,209.25613,219.87062,220.25067,210.11075,215.85872,217.56653,222.2435,218.49353,219.67296,211.56726,218.59166,203.39883,222.06213,219.32675,215.5744,216.87595,210.71326,216.30008,216.49944,219.90906,202.00845,215.56856,217.18733,220.5546,215.47247,209.65767,218.70953,215.45642,215.91003,216.40979,213.79553,213.78809,213.60297,215.66356,204.53658,223.79907,219.29065,213.6206,205.2508,220.40822,216.34767,220.10593,211.38452,219.13107,220.50159,217.6893,208.99951,214.90013,206.8028
219.82892,220.34454,217.14638,219.0785,217.74625,220.6163,212.76746,208.05377,210.03255,219.65948,221.27773,215.97545,214.77936,204.72678,216.90155,217.92941,217.58325,213.26025,218.81915,207.78023,213.6698,215.22452,204.01785,218.2099,216.0058,218.8523,218.66716,217.39273,216.7399,219.97437,214.57405,222.06335,212.83282,211.23865,219.66345,216.6951,216.86816,217.82791,220.80191,211.83458,206.17368,221.27832,211.6476,217.20795,212.77634,213.8436,218.4528,210.59947,220.06912,205.75392,217.37177,211.12085,220.19446,219.90567,203.88657,218.2348,216.54211,220.87064,217.66156,217.56052,203.28983,218.67177,207.10745,219.33965,218.42368,217.73294,219.17868,209.47263,215.24106,214.86754,218.53064,209.52534,214.383,216.74756,220.61044,213.05348,202.18658,217.56912,214.75021,210.25568,218.9815,214.36226,216.6467,212.73367,212.40308,202.4159,224.27315,218.57516,216.59773,207.8725,222.12839,219.14178,216.04675,213.62778,218.91449,218.74994,216.7255,198.07774,212.86877,207.09666
220.52591,218.60002,218.08875,217.70097,218.60805,220.6252,204.6105,211.23434,208.65012,213.89516,221.08311,219.01935,213.02075,208.34485,222.15125,218.23183,220.53906,213.81694,214.67859,202.01047,218.80916,219.32358,214.7824,215.48227,216.87202,218.3299,216.47939,220.05838,214.83151,219.08627,211.90088,222.90646,214.6163,214.58812,220.67273,218.32422,216.78574,221.72815,217.98128,220.83585,208.45891,222.5924,217.46014,221.54482,218.52094,205.00858,219.86488,216.91693,221.68573,213.07632,219.32135,211.0784,223.4172,221.11098,210.12805,216.96185,214.51907,222.72498,219.62466,221.20868,210.26413,222.20749,202.58142,219.22205,221.07037,219.78697,217.59026,212.03885,215.91547,219.67276,219.47888,213.82355,216.30789,219.82182,222.63799,213.93698,214.76994,216.21634,220.07907,214.1473,220.14612,216.81046,220.1435,212.69019,217.16895,211.42569,223.46695,219.39795,215.73596,215.98257,224.64944,217.7901,220.68564,215.65027,219.65515,221.66008,218.06409,207.81494,221.0653,210.82574
222.7231,222.92334,218.66672,219.37086,216.77167,220.73734,206.20471,216.78955,213.75095,219.16931,221.2771,214.19864,215.31516,213.94644,220.97849,219.53366,222.87675,215.55533,214.6561,210.59665,214.7554,220.12836,212.78708,217.4219,216.77148,220.19995,219.34734,220.86409,218.98949,221.10439,218.173,223.14758,215.19844,214.73186,221.51309,216.86218,214.38484,221.31778,217.13425,218.73885,209.7982,222.95488,213.63594,218.38892,217.85631,211.93005,215.26605,216.88692,222.67944,204.28949,218.72037,214.57698,223.4461,218.7786,210.87088,219.65555,221.81667,223.79637,216.72261,221.82376,207.79439,222.12195,204.88431,220.23149,221.68626,218.41791,221.88164,211.25668,217.79755,216.67697,221.83481,208.38864,215.2554,219.56436,223.01044,217.49742,210.8046,216.28958,214.65605,214.45122,220.79297,215.41333,216.01593,215.3905,218.63057,201.58885,223.17172,222.50293,215.44446,212.71915,222.56761,220.89615,217.99313,208.13232,219.06587,218.52896,219.23045,204.99265,214.89944,200.67764
221.92172,222.69913,218.83861,220.79202,218.01123,220.34431,208.42784,213.7985,213.56674,218.93573,222.66406,217.96266,214.74133,214.96848,222.08546,215.63603,219.86049,211.68016,214.78008,212.37503,220.14064,220.04886,215.06564,217.62991,218.49286,220.5401,217.10349,219.21497,218.67307,222.7294,220.26569,221.02023,215.6323,217.04117,221.38416,214.16321,216.41443,220.28387,221.05728,220.61337,214.38525,223.40231,216.2877,220.65448,220.7654,212.81088,220.08832,214.29828,225.76279,207.52382,220.758,211.08334,222.37012,221.87045,212.50607,218.6413,218.59729,222.12448,219.36456,220.87375,216.73932,221.41638,208.83429,222.5239,220.60638,218.55121,219.90985,215.89941,218.7473,216.28932,222.90182,211.68529,217.92526,218.88113,223.37839,215.5148,213.22887,219.01541,218.55617,217.89224,219.9049,216.30975,216.66226,217.01456,212.74622,212.2891,223.96582,218.58438,217.64705,212.37247,223.23071,219.60138,221.05339,216.19916,220.58223,220.63951,219.40381,213.15057,217.32306,193.55759
224.27759,222.80426,218.40298,220.71077,216.86105,221.63295,214.7295,216.97563,217.69217,220.33127,224.16772,220.60934,217.4277,216.1203,223.96808,217.3211,220.54626,214.88309,217.90007,214.442,220.8749,224.5359,216.89468,218.50804,219.89178,221.47101,220.92786,218.98773,221.64206,223.11029,218.59183,223.42075,218.12285,215.61758,222.73434,217.86307,219.46936,223.71794,222.5407,219.7201,215.60612,223.94624,220.14508,223.09193,220.00665,212.00009,220.9407,217.4491,226.19353,212.96689,218.90582,210.61905,223.37334,223.25194,215.86914,221.51295,218.10583,224.72954,222.31621,223.82475,216.29453,223.18573,212.37839,223.6167,222.46552,220.13875,222.77066,217.69623,219.44234,219.65985,223.413,211.26309,219.99715,221.42552,225.6485,215.43625,214.56256,220.91298,218.76126,219.80301,220.81125,219.62692,219.31235,219.38681,218.54419,211.80533,227.00171,221.2171,216.27011,213.06152,223.94147,221.07788,223.71849,216.51984,219.68594,222.66388,221.67334,211.33417,220.63486,211.39777
223.55327,222.85352,218.9405,220.47342,218.88266,224.53546,213.48488,216.7743,217.47626,221.68527,224.15146,219.97803,219.38867,216.94904,224.3587,220.05002,221.74176,218.39401,217.4895,214.0479,219.75957,222.41452,216.11566,220.63196,219.93301,220.2893,219.62296,219.15259,221.05232,223.10147,218.44238,223.54758,218.84164,218.84369,221.16843,217.69643,219.5851,221.31656,223.62767,220.57571,217.84354,224.35947,219.06412,222.45236,221.30923,217.78966,220.63971,217.19576,224.70317,213.784,220.12723,211.30215,223.61197,222.38739,215.7214,220.6394,219.57584,224.51959,221.04822,222.89157,214.79784,222.81017,213.3299,223.9054,222.25417,221.11382,222.60382,216.9046,219.56003,218.09103,222.32462,212.59564,220.6521,222.21445,224.65323,218.0875,214.92007,219.81639,221.0313,218.39621,220.97437,219.81374,218.02559,220.14734,216.60954,213.31537,225.68391,222.22984,218.65582,215.6739,223.86244,222.19928,223.20496,216.9895,222.17781,223.039,220.76138,213.37361,220.79965,211.18286
225.27805,228.27563,225.45341,224.66422,225.90976,226.10576,221.04707,220.38896,222.89154,225.62308,225.7677,218.504,220.93884,219.63423,225.13168,222.45291,225.99245,220.30656,221.25922,219.45706,224.21335,223.9248,219.6106,223.11261,224.70387,224.556,221.9237,224.20773,224.4276,225.2532,223.1106,227.01118,221.79666,224.02805,226.46341,223.0688,224.26918,225.04424,227.26317,220.2352,217.31534,227.98538,219.70627,225.20789,223.96208,220.72598,223.99124,221.95496,229.00525,216.89752,224.53687,214.97394,227.4709,224.20465,218.93155,225.8366,223.03061,228.41599,221.03372,226.3442,218.16745,225.12376,215.15924,224.23654,224.32909,225.73746,224.01714,218.70508,223.4221,224.23715,228.74765,217.67694,223.37262,225.28595,228.27061,221.49898,220.8159,222.78084,220.9264,216.64848,226.19331,220.89957,221.6876,222.65106,220.14792,213.64366,228.51572,225.65619,223.10886,222.27898,227.70035,223.38956,224.2798,221.9294,223.42227,224.0021,223.88974,216.90411,218.43973,220.44957
229.50029,230.65646,226.84259,227.41858,227.5297,227.71704,221.44888,225.08122,225.11751,225.23279,228.45071,224.15154,225.43729,224.70474,228.32019,225.3081,227.83704,221.86589,224.02057,221.94768,227.00879,227.59424,223.71237,225.68933,225.62709,226.21771,225.36905,226.21552,227.17993,228.99489,226.19829,229.17767,223.15385,226.10628,228.15227,222.88483,225.51677,227.8442,229.28868,225.39621,224.35391,230.4803,224.36745,228.29407,227.96582,224.3424,226.84229,224.63394,230.27919,221.27342,226.13393,220.22781,230.36111,227.42722,223.6343,227.46387,225.4568,229.79202,226.14362,229.01721,222.85965,228.19199,218.45337,227.17876,227.8421,227.72946,227.21992,223.03787,226.78148,223.66995,229.18091,219.93079,226.60847,227.36075,229.80247,224.01752,221.59421,226.3062,225.04324,224.87715,227.92932,223.66435,224.89467,224.52951,224.9643,219.30516,230.99261,227.76688,226.6226,221.09708,229.76715,226.83154,227.16757,223.2303,226.58643,228.92953,227.56866,220.19525,225.76437,219.04755
230.43857,229.38754,227.22565,228.16634,227.73291,229.86426,223.29239,226.47536,227.19978,225.62059,229.749,225.8742,226.47205,226.33672,230.06425,227.0094,228.26962,225.20667,226.86375,223.99387,228.38547,227.65018,226.33276,227.74838,228.3261,228.80394,227.65448,228.17209,228.99513,229.16678,227.55339,229.45175,225.73999,228.53546,229.59843,226.10751,227.71375,228.93512,229.02899,227.89468,227.10635,230.81439,227.40866,229.1724,227.84125,225.28305,228.27191,225.93233,231.98456,223.30472,228.4975,224.23825,231.40909,227.87808,225.03458,228.03853,227.13654,231.71848,228.23465,229.2673,223.43909,228.89165,221.90103,229.76518,227.12665,228.5408,227.85509,224.25972,228.3389,226.65475,230.06944,224.43002,228.41739,229.14206,232.19888,226.2701,223.96228,227.52295,227.40309,225.8385,228.28621,225.14865,227.08942,226.06729,226.99347,222.22873,232.07181,228.76456,227.61792,224.42923,230.67462,228.19319,228.79547,225.81935,228.26553,229.49023,228.70297,222.11246,227.7663,221.64786
231.62402,231.47652,229.39392,228.73178,229.69199,229.57072,224.16116,227.32492,228.198,228.28516,230.7132,226.21307,227.37473,226.47597,231.099,227.51411,229.10263,225.29903,227.25932,225.32321,228.83392,230.37059,226.6821,228.33682,227.66,229.37859,229.71722,228.74463,229.36801,230.82059,228.65839,231.08682,226.90332,228.21802,230.3375,226.02621,227.5322,230.75085,230.96469,228.34143,226.8807,231.96341,227.06274,230.52734,228.75577,226.55907,229.05988,226.90923,232.13223,224.4609,228.88052,224.1564,231.22717,230.02226,226.6629,228.98479,228.60889,231.96344,229.39233,231.24184,224.10147,229.93289,222.1778,229.94351,228.16904,229.78197,228.57205,226.38179,229.39348,226.64722,231.30411,224.16698,227.7326,229.17506,232.47583,227.06763,224.98209,229.21785,228.12527,227.60873,230.31296,226.45157,227.59433,226.43735,226.8741,222.55823,232.95398,229.64645,228.65408,225.78784,231.89944,228.6427,229.49385,226.66585,228.9177,230.4281,229.87189,222.99922,226.65616,222.63307
231.87538,230.72366,228.09882,229.82059,228.43489,229.73312,224.30736,224.41354,227.40857,227.44304,231.39207,228.39395,227.81438,226.16129,231.12437,227.22469,229.4426,226.5716,226.71375,225.98167,229.0058,230.67905,225.5804,228.8252,228.15396,228.71683,229.22983,228.99539,229.43704,230.55235,227.88664,230.28711,226.75418,228.25085,230.24634,226.26962,227.2157,229.37154,228.63217,228.41852,228.24539,232.1094,226.78519,229.82445,228.69264,227.10889,229.16107,226.22902,232.84717,223.71631,228.05136,223.92938,231.76309,229.34181,225.89581,228.96034,228.24374,232.33456,227.88159,230.61108,224.77808,230.55994,222.48944,229.13742,229.09656,228.88055,229.26926,224.69986,229.1024,227.48781,230.02461,223.83914,229.03363,229.53925,231.84827,226.90506,224.59274,229.13689,227.63663,228.04184,229.54889,226.11342,227.92972,227.63635,227.49828,223.61264,233.07806,229.24292,228.91284,225.6554,231.4532,228.94427,229.95367,227.33392,228.81137,229.47995,229.03702,222.94514,229.0658,221.90729
231.7312,230.99832,228.8741,230.16812,228.82458,230.40259,224.41006,226.79112,227.84793,228.00562,231.6403,228.46344,227.90628,226.4743,231.34924,228.35071,229.17537,226.61838,227.86742,224.84048,229.21883,229.53937,226.66058,229.1637,228.64902,229.47609,229.50873,229.03647,229.7485,230.95798,228.14822,231.38696,227.43906,228.3704,230.23587,226.6174,228.33047,229.6517,230.33403,228.83795,227.68668,232.07071,227.86534,230.05986,228.89117,227.67654,229.26343,227.06444,232.75253,225.16724,229.03522,224.29544,231.58142,229.40613,226.873,229.56815,227.83081,231.83063,229.0823,230.24788,225.18484,230.35773,223.56728,230.0925,229.86055,229.21252,228.93839,226.6765,229.69514,227.27005,230.1557,224.74567,229.40854,229.83368,231.97037,227.11423,224.74396,229.45627,228.92992,228.26598,229.57336,227.48285,228.42372,228.3984,227.22754,224.15088,233.3446,229.71062,228.63232,226.07236,231.797,229.16379,230.22961,227.22784,229.69415,230.72948,228.79472,224.10791,228.28207,223.32649
231.6923,231.79677,229.42282,229.93665,229.77596,231.53513,225.70169,227.34207,227.47955,229.23824,231.72714,227.76752,228.04416,226.84442,230.48004,227.67972,229.91858,226.20938,227.44238,225.63431,229.1449,229.98236,225.78917,228.24213,229.59798,230.37881,229.31392,229.28452,229.86429,230.74982,227.91348,231.53659,226.89679,228.78041,231.08963,227.4867,229.26526,230.24529,231.24817,228.50807,228.3,232.78223,227.43054,230.9226,229.8515,228.36777,230.32498,227.91956,232.87308,224.74667,229.70613,225.08124,231.9213,229.93018,226.74829,230.57065,228.86342,232.36932,228.47427,230.63948,225.7095,230.3757,224.92657,230.62492,229.8,229.74936,229.88939,225.61455,229.63495,227.84856,231.72968,224.80197,228.70566,229.72519,232.68393,227.76865,226.0344,229.2858,228.7969,227.04639,229.96912,228.28897,228.70251,228.8219,227.8461,223.95032,233.1677,229.80031,229.59325,226.54205,232.2932,230.17618,229.93558,227.80457,229.70123,230.36218,229.79086,224.29126,228.06,224.65585
231.94882,232.12596,229.77867,230.36745,229.4219,231.0881,226.83704,228.0415,227.86273,229.5971,232.18886,226.85599,228.97482,227.96362,230.965,229.32375,231.08699,227.20532,227.59091,226.22594,228.65909,229.78629,227.52802,227.9667,230.41895,230.742,229.087,229.8205,230.19127,231.23802,229.04474,231.2992,228.28851,229.27438,231.18616,227.97937,228.21448,231.10243,230.7497,229.2998,228.67061,232.0848,227.59357,231.38654,229.25647,227.53168,230.29312,229.05638,232.98111,225.65378,230.6846,225.18404,232.06918,230.35037,227.34406,230.89767,229.48643,232.80634,229.07574,231.43408,227.10808,231.04533,224.8298,229.60982,229.41405,229.97112,231.28871,226.58147,230.0284,229.06216,231.13864,225.50949,230.13828,230.48044,232.81953,227.64453,226.35135,229.29826,228.11182,227.51038,230.54382,227.52475,228.96823,228.34265,229.14874,225.12143,232.63818,229.6695,229.76765,227.89288,231.781,229.55244,230.1836,228.11092,229.49258,230.64053,229.35889,224.14276,228.2155,225.87988
232.50153,232.71083,230.57889,230.77965,230.59552,230.92657,226.17383,227.82037,228.61179,229.22021,232.16562,228.7468,228.40027,227.55133,232.13528,230.09746,231.6284,228.75198,228.24652,227.15909,230.61388,230.69205,227.42883,229.5748,230.39569,230.70135,229.81593,230.34851,230.6101,232.46938,229.69537,232.17395,227.97324,229.61134,231.0716,228.28308,229.37698,230.52054,231.28806,229.86407,228.87509,233.51941,228.7061,230.72046,230.16472,228.88266,230.28755,228.0979,233.85806,227.01111,229.7674,226.45967,232.90169,230.35513,227.96184,231.09625,229.08553,232.84247,229.49283,232.06256,226.20825,231.49585,225.75633,230.53525,230.7187,229.82895,230.88861,226.57632,230.59352,228.58249,231.79457,226.3741,229.58588,230.85008,233.26761,229.27678,226.96213,230.34203,229.73578,227.81757,231.06856,229.04623,230.0748,230.34692,229.19418,225.15788,233.88042,230.55133,230.17914,227.71315,232.9568,230.80542,231.35687,227.91501,230.69011,231.31845,230.13153,224.97487,229.91284,225.83948
233.54642,232.50339,230.71823,231.29509,230.08228,232.65192,227.06671,228.51001,228.9646,230.28806,233.25699,229.06107,230.0684,227.58398,232.6684,229.71376,231.38432,228.86475,228.60257,226.99963,230.68178,231.40257,228.52438,230.13684,230.61713,230.58072,230.72021,229.94675,230.97624,232.38242,230.16917,233.01402,228.77606,229.66533,231.8154,228.36884,229.09387,230.70685,232.23734,230.62863,229.04309,233.71317,229.03824,231.91013,231.2062,228.95517,231.65498,228.2052,233.70966,226.46811,229.88245,225.96228,233.01495,232.59134,227.78595,230.65134,229.42415,233.48581,230.31703,232.16174,227.1659,231.2605,225.73535,231.88452,231.05612,230.86978,231.20477,227.03781,230.52765,228.57388,232.78595,225.94678,229.86949,230.79393,233.84799,229.82425,227.37436,231.18149,229.8708,228.74088,230.86559,229.56284,230.4834,229.6258,229.00488,225.31596,234.67072,231.02507,230.63412,228.13867,233.56381,231.45114,232.09074,228.1128,231.64276,231.98398,230.56271,224.94469,229.83029,225.62625
232.37317,232.13315,229.1976,230.3075,230.60196,230.15256,226.26408,227.23355,228.70273,229.94662,231.8421,227.18802,228.64519,227.52135,231.65503,229.09277,230.92177,226.58524,227.35208,226.05792,229.40117,230.5626,226.52509,229.11598,229.331,230.64053,229.05995,229.54619,229.49881,232.37819,229.38152,231.80414,228.184,228.69978,230.66632,226.75117,229.03246,230.30957,231.37378,229.42244,227.80228,232.91219,228.30634,230.26642,229.51749,227.7659,230.77336,227.65102,233.10205,225.02927,229.52394,224.297,231.81215,230.7528,227.56754,230.26779,228.9622,232.2323,229.70978,230.93378,227.01216,230.78217,223.09976,230.76132,229.88603,230.2048,230.73618,227.08203,229.89839,228.39748,230.88214,225.75421,228.60544,231.10056,232.83038,228.0495,225.97353,229.91745,229.07751,227.7948,230.35965,228.21855,228.61737,228.91719,227.22656,225.55399,232.98267,230.21036,229.35547,227.0547,232.59335,230.09937,230.79134,227.55775,230.37881,230.6294,229.4965,224.31447,228.38016,223.28094
231.47519,232.2167,229.2067,230.17352,229.57637,230.13074,225.26398,226.86053,227.94727,230.02176,232.15836,227.29944,229.0026,227.64902,230.7329,228.45753,230.87354,227.24725,227.8537,226.58623,228.26544,230.05185,226.54834,229.39824,228.9759,230.1866,229.32748,229.64682,229.96826,231.94276,228.96632,231.68573,227.39743,229.07669,230.50891,228.13419,228.81293,230.6766,231.51698,228.90121,227.79446,232.69467,228.4866,231.11615,228.82658,228.30312,229.59619,226.81737,232.49101,224.60193,229.5018,223.82938,231.75919,230.68541,226.28284,230.96469,228.89299,232.76265,229.80653,231.16997,226.3742,230.82153,224.33685,231.11809,230.02826,229.82715,229.72137,227.6077,230.0989,228.33887,231.60898,225.03215,229.13626,230.465,232.46628,227.90094,224.99228,230.40112,228.4979,227.9266,231.13858,228.1582,228.93198,229.0177,228.34804,225.24783,233.04929,229.53181,229.86668,225.5417,231.66339,230.16525,230.12341,227.82167,230.24713,230.97769,229.1715,224.12393,228.80443,223.2258
231.61406,231.50667,229.45848,229.98517,227.84738,230.22876,224.88719,227.17984,227.26053,228.92093,230.83675,228.27878,227.76813,227.1965,231.46332,227.57703,230.48547,226.23962,226.9324,226.14246,229.1524,230.3945,227.34393,228.56754,229.24785,229.90079,229.53792,227.8587,230.48694,230.62013,228.108,230.92592,227.58383,227.55386,230.33849,227.14157,228.58664,228.9218,230.3934,229.10036,227.45273,232.6211,228.15488,229.83243,229.6358,227.492,230.08037,228.01746,233.20969,224.85397,229.17982,224.70953,231.77386,230.1095,225.76633,229.43744,228.88339,232.1115,228.7302,230.67413,225.45598,229.88345,224.16374,230.89708,230.48267,229.22372,229.49573,225.72278,229.32397,228.02536,231.07074,224.6955,228.88156,229.8555,232.23306,227.95769,224.47684,229.05865,227.17966,226.74194,229.18219,227.82664,227.45175,228.39317,228.10179,223.82867,232.90706,229.57349,228.33618,225.69537,232.27094,230.08481,229.79134,226.36949,228.83527,230.40501,229.30647,223.7543,228.22958,223.33675
230.21872,229.9849,228.07172,227.7968,226.42198,228.78262,223.40474,224.94966,226.08517,227.59961,229.74371,227.06407,225.71875,225.43634,229.61853,227.36623,228.95526,225.06964,225.81345,224.55945,227.28702,229.02885,225.22409,227.62674,227.40329,228.58041,227.3154,227.08655,228.20511,229.80594,226.57056,229.65402,225.95757,226.22989,228.6781,225.96921,227.11717,228.40959,229.29987,227.62695,224.85468,230.25479,226.64255,228.75641,226.56546,225.00192,228.39252,225.31766,230.86334,223.93729,227.89215,223.56227,229.75389,228.23215,224.11526,227.93423,227.02284,231.11568,228.38683,229.28442,225.52654,228.61285,221.74236,229.58966,228.84784,228.01555,229.00232,226.07788,227.48508,226.48167,228.78688,223.2043,227.3416,228.36877,230.4321,226.26501,223.37082,227.97507,226.4382,225.997,228.76913,226.29912,226.27695,226.63953,224.65164,223.02045,231.51263,228.40569,227.73578,224.36627,229.92177,228.2086,229.60815,225.44467,228.21295,229.3808,227.51651,221.72646,225.01123,221.77942
230.2443,230.57895,229.04102,228.34323,227.26863,229.25232,223.46329,226.08049,226.73836,227.1384,230.0777,226.40303,226.78043,224.62445,230.5913,226.75897,228.34683,226.0481,225.60597,223.44745,227.46658,228.90771,225.43347,227.1643,226.65944,227.94354,227.22661,228.25705,228.25421,229.54198,227.02968,229.57703,225.84413,226.80038,229.31836,225.42038,225.76157,228.81041,228.52188,227.87135,225.24939,230.1727,225.07938,228.98828,228.05505,225.11227,227.88068,225.49957,230.98871,223.25284,227.67784,223.26723,230.31158,228.9798,224.64847,227.27734,226.09201,230.8667,227.10426,228.61385,223.51505,229.15971,222.5017,228.36058,228.05734,227.34486,228.2078,223.67552,227.86777,226.19666,229.28894,222.66937,227.81337,228.17822,230.51755,225.58649,224.38237,228.04332,226.13126,226.72559,228.4729,225.38477,227.55093,225.85713,225.39285,222.3237,231.35678,227.95097,227.95569,223.89456,230.00702,227.64493,229.60141,224.59023,228.16971,228.76724,227.3434,221.83006,226.16968,221.73526
230.85196,231.13568,228.63199,229.98566,228.04031,229.91658,224.84198,226.00446,227.19244,228.38507,230.68552,227.00768,227.7543,226.03766,230.22565,228.1414,229.47778,225.69327,226.43803,224.98383,228.316,228.68246,225.6399,227.49606,228.10114,228.61432,227.65573,228.06297,228.91595,230.22238,227.46556,230.44104,226.72554,227.91893,229.87729,227.66887,227.53796,229.49268,230.151,228.69464,227.30673,230.72922,226.948,230.52211,228.65807,226.0531,228.64319,226.25542,231.53427,224.90662,228.5875,223.79492,230.89163,229.47925,225.9227,229.32368,228.0195,231.91833,227.58133,230.07251,224.88937,229.4386,221.69205,228.32005,228.39423,227.85976,229.26804,225.19487,228.80179,227.66338,229.8575,224.32831,228.4603,229.7154,231.04861,226.96985,224.9772,228.38458,227.7736,227.16473,229.2875,225.6596,227.64749,226.64992,226.40091,223.97864,232.304,227.85674,228.90324,225.66588,230.94838,227.45282,229.64563,226.86523,229.51035,229.53136,228.35674,223.74313,228.04791,223.11963
230.22595,228.7998,226.31346,227.88687,225.17046,227.10191,221.66266,221.23077,224.84856,227.02391,229.40425,224.94315,225.02419,223.84288,229.48181,225.30634,228.9329,223.268,224.5137,224.21744,226.61588,228.63406,224.48538,225.20914,226.42053,226.96487,225.65515,226.58566,225.68039,227.67961,226.47878,229.28745,226.54623,224.5112,228.46979,225.22751,224.82835,228.14487,226.3726,227.49213,224.74698,229.75075,224.92746,228.30942,226.65884,223.35568,227.94516,224.31877,231.06061,222.08954,227.5446,222.1297,229.20125,228.4928,222.74588,227.09135,226.82948,231.22418,227.05261,229.38316,224.48816,229.34232,220.69897,229.26425,227.34293,227.29042,228.79643,223.0678,225.43164,226.00562,229.21219,220.72737,225.1973,227.55724,230.4659,224.91684,222.77817,226.47217,225.29382,225.97693,228.09015,226.15451,225.15573,225.91306,224.61548,221.85352,230.50392,227.83163,226.63399,223.1222,229.50684,227.18265,228.64218,224.25656,227.52559,227.6695,227.75009,220.27115,226.18832,218.13977
226.08606,227.13354,225.23633,225.20375,224.54547,225.12964,220.45085,220.54617,220.44345,226.35106,226.83006,223.74864,220.94167,221.44922,226.18541,224.01932,225.59451,222.09204,223.09727,220.4128,223.2261,224.6202,218.733,223.09035,223.1347,223.99734,222.90726,224.01334,224.09747,225.23184,223.37357,226.46724,223.07964,223.80267,224.81438,223.04904,224.09686,224.43564,226.25049,223.95215,220.71542,227.94221,221.91881,225.86221,225.46722,221.54453,225.14337,221.63104,228.22337,218.12051,223.82309,215.6849,228.12625,224.98392,221.43655,225.92401,222.61737,227.88205,223.0918,226.88083,221.5977,226.14522,219.3811,225.59157,226.12677,225.34796,226.49466,223.02945,223.17892,224.25716,225.03102,218.95534,224.11652,225.4138,227.01184,221.85135,219.75731,223.4216,223.23528,221.24908,225.67867,222.77515,222.30963,223.44696,223.01797,217.34225,228.93195,224.76247,223.5608,220.0528,227.67645,224.85764,225.59799,222.03651,225.1164,225.00552,225.61679,219.49979,222.96614,220.26024
225.81863,225.52722,222.95445,224.94458,224.01659,225.35156,219.11191,219.33691,220.92764,223.08295,226.53831,223.46909,222.9477,219.50299,226.30289,222.97415,224.67012,221.85751,223.01665,219.39722,223.52039,224.1604,219.37802,224.23529,223.18234,224.6788,226.09296,224.40164,223.50903,225.30547,221.7445,225.98517,221.44312,222.1355,225.66852,222.15053,222.6145,224.85043,223.9498,224.24957,222.1106,227.43399,221.74997,223.7383,223.66809,220.66818,225.69537,221.5437,227.37051,220.17174,224.19275,220.45221,225.96408,225.54115,218.63321,223.89514,224.93787,226.9317,223.14659,224.43466,219.12306,224.59491,217.60413,223.76454,224.11087,224.00009,224.69281,218.43762,224.28102,224.22,223.9677,220.32991,223.1864,222.68417,226.3567,222.88881,218.8776,224.44989,221.95837,221.7002,224.98001,220.47118,223.6435,220.34317,222.81558,218.37149,228.63185,223.45178,223.28723,221.22682,227.20775,223.24397,223.66248,223.18628,225.13855,225.67734,223.11789,218.05318,222.95187,217.24213
226.54208,225.47665,225.31683,224.82384,222.97035,225.59317,220.32281,220.65897,222.34209,226.61934,228.4524,222.43814,223.71149,221.39084,225.20314,224.29457,224.4764,221.29071,222.29611,221.95901,222.50354,227.02457,222.66132,223.58377,225.22292,226.10759,224.66406,225.75278,224.63934,226.76163,224.4646,226.71503,223.7752,222.56631,226.41568,224.30089,222.81502,226.04666,225.96968,226.04016,223.19702,227.74731,222.96954,224.18134,223.64793,222.84848,226.27325,223.19669,227.97491,218.52933,225.43848,220.48325,227.31105,226.85727,220.57309,225.86572,224.55803,228.75179,224.60161,226.78384,221.4769,227.00845,218.74323,226.53427,226.88696,225.23375,226.94696,222.11044,224.92667,223.31894,225.85904,218.70366,224.177,226.30399,227.05075,222.50317,219.60976,225.21783,222.54416,223.6787,225.92206,223.88748,222.6178,223.01743,222.50433,220.11226,228.03362,226.0037,224.24347,221.0169,227.7215,225.03342,225.36523,221.92728,224.77048,225.79916,224.69698,218.26352,223.76065,216.8044
227.83356,228.06256,225.96033,226.9027,226.66068,226.36078,222.72397,223.9445,224.38762,226.81328,227.84901,224.41571,223.91243,223.79907,228.35506,225.2391,227.0459,223.25858,223.84535,223.5777,226.09216,226.98456,223.1597,226.2048,225.33975,226.52756,225.6872,226.24457,226.64561,228.16415,225.81631,228.6406,225.57234,225.11008,227.94934,224.0852,225.50716,227.79974,227.38034,225.95647,223.46645,229.12228,223.67772,227.49005,226.24019,222.90543,226.56137,223.98447,230.17606,221.13052,226.52892,221.77734,228.50116,228.12097,223.79202,226.37494,226.7562,228.89682,226.00665,228.22061,223.37735,226.9393,219.73813,227.06924,225.65727,226.9472,228.09256,224.36176,225.69144,225.23222,228.36024,222.27072,225.28183,227.08026,229.71815,224.79523,222.76328,225.83353,224.99283,224.213,226.83513,224.24362,224.90382,224.0686,224.71483,221.41666,230.31229,226.1328,225.14375,223.19342,229.57065,226.94806,226.6465,225.54126,226.41449,226.41809,226.61716,221.52051,225.3741,220.98785
230.4404,230.24985,227.79333,228.29996,228.88351,229.3486,224.72879,225.77328,227.52682,227.47397,231.14493,227.67873,227.1242,226.44406,230.44965,228.09286,229.29411,226.13022,226.7178,225.35231,227.87238,228.69171,225.9516,228.55048,227.87395,228.85257,228.0603,228.32678,228.63785,230.47076,227.42816,230.17738,227.2109,226.87668,228.39917,225.87662,227.5643,229.3811,229.30396,227.86554,225.85965,231.85524,228.33015,228.9515,228.04462,227.19983,228.20276,226.82104,231.62578,224.78464,228.42017,224.40562,230.76266,230.03406,226.7151,228.76413,227.66183,231.25137,229.61505,230.35822,226.06674,230.03644,223.72401,230.11563,228.71335,228.99341,228.63889,226.28589,227.6324,226.62772,230.24844,224.49597,228.38109,228.544,231.19687,226.30023,225.86136,229.258,227.77806,226.54907,229.40582,227.99666,228.24158,227.56958,227.04529,224.25803,231.89995,229.64163,227.31769,226.51208,230.98582,228.67227,229.7751,225.41014,228.38379,229.80966,227.87943,224.09413,228.10666,224.93546
231.03177,230.6875,229.98245,229.34286,228.6737,229.95363,225.69507,227.3657,228.61914,227.78015,230.94543,227.27008,228.36221,227.1204,230.85309,227.72676,229.7401,226.4428,227.56638,225.91498,228.40388,229.6893,227.55319,228.18887,228.50685,229.2446,228.6441,228.8873,229.48178,230.5185,227.81876,230.44986,227.72119,228.47522,230.3075,226.70717,228.48811,229.56174,229.79749,229.31483,227.65999,231.79536,227.81927,229.84845,229.31738,227.5812,229.81503,227.5369,231.6929,225.99188,229.67664,226.10564,231.37251,230.15814,226.737,228.9266,227.9961,231.51544,229.2448,230.09828,225.74107,229.70633,224.37784,230.45436,229.13113,229.14029,229.20425,226.01605,229.20633,228.34113,230.89629,225.29213,228.95865,229.89221,232.09825,227.52142,225.92047,229.46996,227.6731,228.0173,229.49767,227.37836,228.90979,227.71863,227.10472,224.14175,231.68825,229.3082,229.67941,226.06195,231.36948,229.58708,230.32324,226.97888,228.84799,230.35316,228.79816,224.14902,227.49051,224.04538
230.013,230.11462,228.83952,228.71384,227.55005,228.46315,223.59697,224.80031,225.42625,226.88228,230.13385,227.26363,226.91891,225.60342,228.82446,227.98035,228.81404,226.23697,226.79742,225.54251,227.39203,229.51804,226.70215,227.81955,227.68272,228.37877,227.64424,227.89249,227.97218,230.19621,226.7025,229.96579,225.80145,226.88931,229.24356,226.23697,226.9162,229.08669,229.25844,228.48967,226.37871,231.00418,226.74399,229.67435,227.5703,225.48691,228.75363,226.56143,230.3848,224.60883,227.51944,225.28702,230.45703,228.85149,225.12518,228.22308,227.39151,231.37003,228.98198,230.03577,225.3317,229.59866,223.3246,229.3428,229.6199,227.98157,228.59094,225.72282,228.44577,226.55711,229.24219,224.4284,227.26918,228.587,230.46936,226.61258,224.28265,229.10571,227.87398,226.83768,229.19974,226.30185,227.67186,226.8329,226.7475,223.6067,231.83104,228.40048,229.14938,224.46512,230.695,228.35376,229.62857,225.41302,228.25215,230.16714,229.05779,221.68239,227.71701,222.60257
231.14642,230.16476,227.99954,229.20592,228.68912,229.9459,225.72556,226.76346,227.63547,227.67633,230.18533,227.26907,227.79741,226.33563,230.81148,226.75748,230.0174,225.73868,226.26065,226.01855,229.16412,229.86972,226.03142,227.94254,228.56262,228.9253,228.24615,228.46115,229.16298,229.62563,227.986,230.42685,227.86809,227.88895,229.09978,227.60641,228.90178,229.96484,229.6756,228.45575,226.8866,231.41132,227.53214,230.46709,229.91675,226.92221,229.57358,226.32445,232.13289,224.32402,228.68681,224.32248,230.87054,229.77673,226.89278,228.83061,228.01883,231.22684,228.96417,230.75052,226.01451,229.55576,223.05414,230.67694,228.39206,229.77576,227.9563,225.98087,228.62277,227.52385,230.72859,224.34851,228.23648,229.39081,232.28812,227.0424,226.46344,228.53873,227.67722,227.16664,229.16989,227.45638,228.39334,227.45763,227.37389,224.07974,231.91273,228.72896,227.97214,225.1693,231.04636,228.83527,229.47688,226.82004,229.22263,229.38757,229.17836,225.16711,227.897,223.14706
229.64653,229.91617,227.94571,228.62115,227.45285,228.58304,224.05194,225.6895,226.26361,227.31032,230.1082,225.87636,225.90018,225.32172,229.91206,226.97209,228.18114,225.09904,224.94295,224.34357,227.68475,228.7294,225.80971,227.60419,227.8328,227.804,226.6388,227.97939,227.47684,229.48645,226.53175,229.8403,225.72095,226.7865,228.93918,225.73932,226.3985,228.4249,228.37646,228.25343,226.20825,230.65442,225.9578,228.33095,227.59958,225.52747,228.8545,226.40231,230.89082,222.42519,227.10641,223.98149,229.95471,228.6013,225.16473,227.22949,227.11967,230.8097,226.9677,228.82574,224.39624,228.9858,223.00351,228.57245,228.61589,227.20642,229.02213,224.08408,227.54712,226.95535,229.20816,223.20494,227.1834,229.0787,230.44295,226.20586,224.62473,227.54549,226.44864,225.60602,228.18102,225.91528,226.76195,226.69206,226.56714,223.02885,231.5203,228.71606,227.83542,224.68307,230.41748,228.91559,228.65637,225.21082,227.89392,228.77246,227.74484,222.07146,227.19498,222.61069
228.39081,227.6228,226.23444,226.92569,224.87502,226.99814,221.0582,223.93378,224.26357,223.98392,227.66837,225.17249,223.82288,223.62415,227.87552,224.8872,226.45554,223.99564,224.24869,222.47823,226.53369,227.44974,225.27734,226.39197,226.32721,226.55148,226.01025,226.65486,226.60544,226.74039,224.25827,228.32642,225.0312,224.70789,227.88602,223.72528,225.4643,226.55328,226.56125,226.26842,224.6412,229.89246,225.26472,227.47476,226.4006,223.46301,226.96664,224.89041,229.54726,220.69482,225.6188,222.54901,228.54938,226.09529,223.79984,225.61298,225.35114,228.40053,225.50189,228.54764,222.8907,226.15918,220.77625,227.66516,227.62448,226.65657,225.93625,223.51985,226.46008,225.38568,228.27264,221.83536,225.32225,226.41617,228.75339,225.42694,222.47363,226.80653,225.12067,224.03406,226.29068,224.57657,225.17711,225.13713,224.89572,220.66147,230.41428,226.84644,226.03903,223.24794,228.67198,226.20085,227.71222,223.68848,226.49384,228.07495,226.75632,220.43231,224.87364,220.94104
225.30858,225.93373,222.6868,224.65936,222.14777,226.08913,219.37659,221.1373,223.18607,223.15344,226.64978,223.56647,222.42578,220.6665,226.45224,222.97034,223.5654,221.75789,223.25058,222.6091,223.5852,224.74353,221.52718,223.45035,223.83899,223.94304,223.57889,223.7172,224.79193,225.01414,223.86703,226.17688,222.78326,223.20451,224.43692,221.96957,222.22116,226.18219,224.06996,222.54236,222.42343,226.60298,222.62524,224.99394,225.13162,222.3776,223.96999,221.13568,228.36307,219.65463,223.5241,219.62494,226.35999,225.8422,220.16597,224.04506,223.9548,225.85265,224.64285,226.18306,221.81024,223.91475,220.6059,225.99142,223.68973,224.4931,224.28923,221.43811,223.2312,222.2813,226.70572,217.74852,224.96985,222.17633,226.97588,223.2824,222.00098,224.35864,222.4867,221.16983,224.11401,222.89182,223.05142,223.22627,221.13643,219.81403,228.2016,223.70547,221.8145,219.81015,226.03168,224.74686,224.08014,222.62645,223.8292,225.58151,223.74908,220.44206,222.86266,217.80276
226.27655,225.24313,224.34909,224.72787,222.70409,224.0492,220.11333,219.48709,222.37903,223.58081,225.80023,221.51888,221.33435,218.03304,226.27249,221.9491,224.01181,221.21954,222.78369,220.26025,223.6673,224.54391,222.23528,223.24202,222.5845,223.9328,223.11865,224.24559,223.20932,223.28864,221.65106,226.80695,222.65253,221.68042,226.53194,223.27448,222.55005,226.48383,221.61337,222.9389,220.9485,226.63359,220.49615,224.60689,222.66423,218.6557,224.88629,221.69876,227.7768,216.99762,223.21625,220.74762,225.78781,224.58434,219.65982,223.37411,223.86426,227.1386,223.68039,225.93088,219.46593,225.09866,218.8588,225.75266,223.80435,224.17789,225.11153,219.05917,221.61946,222.89438,226.6624,214.85349,222.20227,223.02122,226.51958,221.28659,220.44037,224.0651,219.99953,219.95734,223.8517,221.4541,222.1289,222.2568,222.70987,215.98717,229.32256,223.63666,223.63235,219.44385,227.15436,223.14685,225.90448,220.58188,223.48004,223.77083,225.32889,214.93163,221.36961,217.5647
224.59198,225.93071,223.2999,224.43936,222.11154,223.18347,218.612,219.3078,219.59537,223.78127,225.76534,222.19078,221.69168,218.58246,225.23886,221.21051,223.684,219.57556,222.33005,218.352,219.63211,223.79332,217.74756,222.94763,220.20998,222.19229,223.7404,222.37802,223.13565,224.10359,220.569,225.87901,220.80673,220.65082,222.89072,220.66241,221.66913,224.47623,224.88733,221.67937,218.41629,225.48688,220.53714,222.93163,223.60965,221.06468,223.03375,220.34161,225.40622,218.75522,221.85042,215.51031,224.7331,225.67395,218.72516,224.20012,223.31454,225.89246,221.60329,223.05551,219.52902,224.10802,218.29868,223.54608,223.92462,223.56781,224.62544,220.33209,221.84102,221.49297,223.85806,214.69957,222.70935,221.44852,224.52223,219.32454,217.78113,223.7079,219.3703,220.06906,224.52441,220.47363,222.556,220.35666,220.85178,214.36462,227.3399,222.78293,222.23997,219.00208,225.28983,223.05444,224.46352,220.92867,223.07442,224.07356,221.79904,217.46942,220.69815,219.46365
226.99731,224.93607,222.2246,222.35867,223.52939,223.90659,216.21704,222.16489,218.76436,223.31725,225.34341,224.0173,222.57288,220.15843,224.99307,222.26447,223.39948,224.2341,220.91,217.61235,220.72704,225.31766,219.88947,223.90535,218.67178,223.61827,224.07251,223.45584,223.18878,225.85184,219.9173,225.29578,218.5875,223.28366,223.4094,221.47101,223.96864,223.4201,224.8086,222.34212,219.20978,226.20648,223.2985,224.29599,222.65564,221.59871,222.14616,218.69307,224.69687,215.6643,222.09116,217.5862,225.82526,222.5675,219.62329,222.49005,223.30408,225.02954,223.35635,223.69919,218.38774,225.09685,212.35825,224.60327,224.86325,222.58978,222.64322,222.81763,224.00252,221.14825,220.8732,217.31883,219.63646,222.63745,226.44794,221.76398,216.9781,224.49252,222.18608,221.1326,223.54805,220.06819,221.42117,221.48665,221.59796,214.71326,226.77388,223.35373,223.09778,217.23067,225.21628,223.69806,225.26523,220.46072,225.18095,223.04053,222.84973,216.2454,222.8774,211.11191
226.01894,224.48228,222.17845,222.8063,219.64774,223.88141,214.45062,218.60498,214.53568,222.80783,224.08333,222.26715,220.43307,221.05478,223.9636,222.69873,223.0481,220.45573,217.15446,218.84937,219.90158,222.88855,218.85623,221.34097,221.92413,222.09868,222.00916,220.84256,222.95615,224.10541,221.1209,225.72517,219.77057,218.90219,222.81052,222.07779,219.99646,223.22919,223.27121,222.50462,216.65967,223.73499,220.40543,224.72012,218.51346,217.13953,221.12479,219.52448,226.02573,217.8498,222.05872,217.99268,223.32686,223.44691,215.65556,222.56,220.96786,226.64331,223.44571,225.3859,219.70493,224.07109,209.71286,223.42242,223.51363,221.83658,224.03761,219.88687,220.06381,215.80783,222.85837,210.76274,221.67184,221.46585,225.84187,219.12498,209.16415,221.50865,218.9484,219.03714,224.1777,219.28835,217.80444,218.57812,220.64438,217.37,226.65009,222.67438,220.1249,218.2171,223.52405,220.66266,224.53778,217.24283,221.3739,223.94846,220.97537,211.47083,220.30914,211.6883
221.65686,223.1029,219.13388,220.23334,219.31586,220.25139,217.08846,217.47827,220.82477,220.08913,222.03896,216.98947,217.20065,213.83728,221.8469,217.3464,221.22305,218.31828,217.05557,215.418,221.50867,221.17172,214.69423,220.41336,220.45697,221.00565,218.89177,221.83228,219.23787,222.75606,218.24176,221.30698,216.58087,219.07361,222.66911,218.3471,218.31555,222.48973,221.44174,217.23175,212.98947,224.02089,216.4888,221.4999,218.4646,212.37616,218.82513,215.20169,224.40067,208.9613,220.29373,216.82162,222.22992,221.21457,214.40286,217.87729,219.80093,222.95633,215.88647,220.23727,210.58488,220.55734,212.7557,220.96915,219.33334,218.96948,220.0871,210.60788,219.56165,218.63194,222.47812,213.89926,217.34984,218.47372,222.91492,216.06378,214.43414,217.69983,211.71806,217.47849,220.03323,214.10739,218.1546,214.78082,217.9996,207.21736,224.18329,220.46051,217.75058,212.28589,222.49838,220.3263,217.49663,213.44107,217.88266,219.44397,220.25143,213.84433,215.98782,208.45258
221.19765,221.30655,216.65868,219.51924,217.09567,220.68974,206.9899,213.52713,215.59885,217.86877,222.07556,217.8808,217.04297,213.36809,220.63852,215.69258,219.99716,212.34921,214.43703,208.8963,218.28352,218.74594,213.2628,216.85745,216.0231,219.4516,218.77505,217.49413,216.3511,220.80511,214.38805,220.50606,213.00305,214.63504,219.85992,214.8623,216.29404,218.49846,218.79556,218.34871,216.08853,222.70773,215.57002,218.40427,218.39388,212.49826,218.99432,213.68106,221.97522,207.93231,217.42844,210.88411,222.67484,219.88048,209.70947,216.41473,217.74829,221.69,218.29723,220.01773,208.54782,220.65451,210.1109,219.23468,220.47253,216.5477,219.18472,212.33755,217.62283,217.42133,220.1822,208.54733,216.56253,218.81506,221.05406,216.05344,210.98555,217.90718,216.8234,217.52289,217.74545,213.0068,216.03639,215.77243,215.33502,207.87529,224.37723,216.13126,215.13315,208.83467,221.5419,220.48396,218.33429,214.23296,220.20267,221.7844,217.30048,212.02512,216.99446,203.8739
224.26706,222.16858,218.074,220.3123,219.46744,222.26578,211.24251,215.5726,219.2161,217.35951,222.96103,218.45734,218.02359,214.43292,220.8528,216.11188,221.02963,214.65527,216.28369,213.71451,217.83313,220.23155,214.82207,219.95665,216.15579,221.29428,220.65666,221.0971,220.20532,222.9052,215.79239,221.76682,212.96979,218.24197,221.76843,216.15567,218.79532,220.10895,218.45117,220.29172,218.00464,222.90736,217.37445,220.78365,217.69159,216.59988,220.36227,214.94412,224.39359,210.29651,220.79628,215.36996,223.90076,221.13641,211.38182,219.24182,219.49655,224.27866,220.64749,220.73862,211.49738,223.14514,213.01996,221.49821,220.113,218.85587,220.23634,213.86237,219.2105,214.76035,223.5932,213.77377,218.07529,218.60693,225.49548,216.24179,212.92221,219.20697,217.54245,219.4274,220.31516,216.92639,219.53564,216.74033,216.79855,213.87086,224.52107,219.46317,219.60199,212.66644,222.78806,222.24196,220.63931,216.82695,219.77971,222.02399,219.99252,208.0943,219.59311,203.15576
223.02768,224.98921,219.88188,221.74829,220.65125,223.8001,214.75247,217.6467,216.82877,222.05493,223.86002,217.5975,219.93076,215.58624,220.81406,221.09824,221.71753,217.19934,217.20251,214.92754,218.35956,221.67894,214.89801,219.94864,218.81621,221.55762,219.8494,218.76535,220.90912,223.54439,217.0882,223.63934,216.44861,217.49106,221.0621,216.5896,216.53494,221.04945,223.88708,218.24069,216.92545,224.63147,216.31749,222.14163,220.90761,218.64441,219.46722,218.05582,223.98645,210.03632,219.02942,212.4808,223.91302,221.44595,215.12155,222.06042,221.23932,223.69095,220.20288,222.11998,213.7735,220.44101,211.69229,220.38103,222.46005,218.64972,222.04883,215.52979,220.46194,219.16904,223.72711,213.12057,219.62936,221.62123,224.02109,218.27872,213.97672,220.93341,218.69376,215.90208,220.06772,216.87204,218.91098,218.70264,214.37059,209.82907,226.8567,219.75227,220.03244,215.05484,225.23949,220.67375,220.93631,216.51204,221.58597,221.25916,218.07497,214.68518,215.6588,211.73782
222.36023,227.13007,223.6502,223.24173,221.7645,222.2745,211.33676,215.62827,215.0567,221.70926,224.0102,220.19165,214.46867,217.09341,223.08823,221.38928,224.82414,217.9528,219.0517,215.03955,220.36292,222.23682,217.17422,222.30919,219.71129,220.11072,220.05045,222.18155,221.57092,222.86588,216.92392,225.45747,218.01157,218.90706,223.7864,217.92471,222.28241,220.13644,223.85391,221.96751,211.63617,227.45343,217.00714,224.86517,224.15625,220.23305,218.8853,222.73563,225.87234,212.89711,220.80872,211.2096,225.89536,221.75827,219.2865,222.31357,220.12616,227.35587,217.21133,224.60815,217.44968,223.88855,211.07632,221.62119,225.73094,220.80016,222.66498,216.48627,221.92865,223.06184,222.86917,217.2641,221.36227,223.19267,225.50223,220.48776,215.34688,220.41965,222.60922,215.97198,224.33228,217.40009,221.51692,220.79776,218.2062,209.77509,225.67627,225.32986,223.64108,217.04156,225.1467,222.37714,222.93898,213.94511,221.10068,223.17659,223.04178,212.01408,218.97101,218.28856
223.67519,225.5087,218.80481,224.30225,220.17537,220.50241,215.85773,217.00993,217.9692,222.04239,224.88309,221.32309,217.8971,217.95502,223.79642,218.82315,222.22289,214.25778,218.65613,213.63367,221.66559,222.30197,213.57034,218.54329,218.9747,222.13762,221.08777,219.85187,222.67574,225.63599,221.27634,224.16602,216.92569,219.40573,222.97461,217.86002,218.29887,222.43356,221.00899,219.40164,217.55948,226.03967,218.45734,220.9225,220.95374,214.9445,219.1991,218.63179,226.13657,210.34868,221.0217,213.69788,225.33797,222.79016,216.87732,220.81721,221.34033,226.50487,219.93411,222.39874,215.69942,223.89798,212.72574,220.96759,221.58827,220.66678,221.55385,215.41925,221.10464,219.63759,222.95673,215.57706,219.96516,220.92117,222.70978,214.6052,215.26727,221.40872,217.07599,219.99951,223.9356,215.29855,219.01369,217.18155,220.19696,211.82945,226.9921,221.28067,219.72977,218.32678,224.36584,220.52405,221.4718,217.07689,220.66278,222.85355,219.85898,209.711,221.61653,214.39392
220.51799,221.32318,218.08214,221.05663,219.0169,221.11484,209.5878,214.01407,217.3896,218.9599,221.84344,220.59521,215.65147,216.11398,223.04013,217.33923,221.21814,217.05826,216.06021,216.13855,219.8115,222.92209,217.91002,222.43192,219.25548,222.16241,221.07915,220.69958,218.2904,219.9808,211.22801,223.08612,219.23163,213.95706,222.79272,217.0776,218.6037,223.17303,219.8045,220.4212,215.4289,225.21548,221.15746,221.30115,218.9812,214.92157,220.78165,217.37462,225.59482,211.12395,219.25224,213.77682,222.58762,222.40482,215.18855,219.56227,221.95503,222.71652,217.9238,221.85124,216.35052,219.19516,212.03445,223.23727,222.74005,219.9065,220.65527,215.65106,218.66763,221.72058,223.68756,213.00427,217.4158,220.00243,223.42107,220.83055,214.707,221.24704,217.58789,212.28027,218.76395,217.51761,219.30557,218.71603,217.4961,213.75037,224.98132,218.67189,214.55334,218.35493,224.5487,221.8129,222.33646,217.52946,219.63446,221.02654,220.6354,217.04614,218.33777,210.8692
221.83624,223.27562,216.53207,222.54239,217.75168,219.0922,208.7522,208.43585,218.64105,219.81451,221.61392,217.2393,219.28592,215.26773,222.80354,219.9471,223.23752,213.33113,215.8397,207.51129,218.80408,215.13268,215.06523,219.02573,216.46585,217.72433,215.7591,215.71288,217.55182,222.75336,217.18576,223.23837,215.98242,211.1018,219.07138,214.69458,212.93483,215.61646,218.95056,218.77287,211.20377,224.58356,215.26175,219.2362,219.20035,216.73456,221.24452,213.14694,221.88551,210.91716,219.16937,206.83322,222.53606,219.44849,202.97034,217.93161,215.86615,222.74686,218.95154,217.18701,218.55453,220.21773,192.88431,222.39496,222.10333,219.90976,220.18846,210.0252,215.72633,220.63043,219.22614,209.83426,219.97458,219.90712,221.78302,217.53543,212.70139,219.11697,211.43768,215.70187,216.3088,214.70386,214.74115,217.82246,214.12732,210.66383,220.86497,221.65231,215.91623,213.15622,222.90176,218.73169,220.68869,209.85426,220.19766,216.79474,216.6195,208.82632,216.5283,199.17834
221.04434,220.33249,214.11609,219.70598,215.00586,219.2055,208.34981,211.59004,214.63449,213.41226,218.79854,216.59683,214.75557,208.92784,220.34784,213.37894,218.94531,212.92262,214.41129,209.50658,218.04999,218.26927,210.51944,216.91138,211.4365,217.38675,214.83762,215.14905,218.19153,218.68784,215.24269,219.21725,215.18053,211.32184,218.29941,214.13211,217.08936,217.40224,217.67593,217.33635,212.63794,220.82095,214.17201,219.6927,218.80661,210.43658,219.30934,211.0514,222.78152,207.61029,214.49396,204.83295,220.7063,218.86389,205.20903,217.29648,213.87607,221.15048,217.9935,218.0924,210.10846,218.77249,205.81448,219.78036,219.13765,216.23776,215.34285,210.61414,216.61096,215.69064,218.04366,211.10767,217.14908,215.76642,223.21191,213.75687,208.32732,217.84186,215.88574,214.0239,215.87053,212.70645,216.4133,215.95657,211.7488,203.73468,222.77107,215.9489,213.68056,204.81378,221.39352,217.82999,219.24545,211.78896,216.48532,217.50528,216.83429,206.16125,216.9025,193.09091
219.50774,218.10422,212.73761,216.41277,215.07587,218.4078,209.14426,208.76218,216.61926,218.2877,220.44954,211.31773,214.09488,209.18942,218.75226,214.27814,216.03656,210.90286,206.47287,213.10583,215.47621,220.49242,212.10724,214.79735,214.41211,217.92564,212.73892,213.82382,215.4739,220.18991,207.09836,218.63898,215.3647,209.59149,216.8345,212.43936,213.60123,218.77753,220.64777,216.27248,210.18082,221.3971,214.30057,214.13213,214.6799,210.73083,220.67459,210.57076,220.74002,207.93382,217.51608,208.01437,217.91434,217.96783,205.46783,216.16278,215.46689,221.46889,218.19327,216.0044,208.7796,215.23166,195.40302,221.28246,217.69589,216.64702,217.73918,210.47354,215.50671,215.1385,219.27121,206.02325,211.99617,217.33217,221.71811,212.63611,211.29239,217.7292,212.66188,210.77347,214.82234,215.3886,214.14934,214.1041,207.24759,203.81857,221.42526,216.70096,212.58484,206.09372,222.09552,217.62575,217.26096,210.89651,217.89645,219.00284,213.54707,203.62904,213.16843,199.1753
219.12445,219.05508,217.04056,217.95099,216.73303,218.33685,209.7339,214.13681,212.4904,217.70535,219.61371,215.59686,214.34814,211.05907,220.00685,216.53624,217.14792,213.88765,215.49924,208.33264,217.5175,217.78867,213.186,217.3288,216.45828,219.40335,219.0351,216.77501,216.34625,220.28381,216.43372,220.79446,213.28476,213.85126,221.16263,215.51476,215.80862,220.22452,220.17107,217.85919,210.28773,222.1087,214.76859,219.09811,215.31717,207.65625,218.5629,214.48798,221.12991,209.77647,217.29753,211.28915,219.31119,220.73062,208.7537,217.83871,217.40613,222.14052,217.75616,217.30077,211.67107,217.48541,204.62218,219.49315,218.13861,217.36314,219.18756,210.76721,216.85559,215.25336,217.63336,210.56682,215.23819,216.69205,221.01627,213.4159,208.53687,218.08032,214.72345,214.42206,217.10287,213.47223,215.4669,210.06583,213.77353,207.08571,223.52654,217.8641,215.818,212.13794,222.28438,215.45108,219.1904,212.54796,217.58725,218.76358,217.0455,204.89139,214.66406,208.81036
219.52167,222.58359,218.81372,219.06949,217.0784,218.67828,209.5091,216.5795,214.48712,217.96997,221.23099,217.64233,215.39926,210.47253,219.80222,218.7214,218.40591,215.79636,214.27592,209.79572,216.13632,220.90039,214.58669,215.91862,216.68489,220.50644,216.93423,216.89975,218.89943,222.18639,213.2864,222.10468,212.67244,215.4548,220.26874,214.32726,216.07837,220.68066,219.20807,217.1145,212.87195,221.37091,215.18106,217.63876,216.43387,214.90083,217.87123,217.0336,222.28546,211.82861,217.89905,211.88544,222.11354,218.99135,212.01535,219.35869,216.82414,222.9272,219.607,218.46313,211.93622,220.73518,209.96208,218.23074,220.81842,214.78004,218.79431,213.87262,219.83336,217.02704,217.85793,214.68472,216.92963,218.98071,221.57501,215.03737,214.7855,219.89946,217.23575,214.74239,219.00578,215.48636,218.34732,217.3365,214.05795,211.74924,223.62198,217.12907,217.9372,212.90231,222.34158,220.1198,219.2139,213.25684,217.83093,219.59143,215.20264,207.3143,217.53006,211.82321
222.49554,220.85912,219.38351,221.82654,220.2319,220.53482,214.68686,216.27298,216.2368,220.28131,222.71846,220.25314,215.72987,213.75491,221.27168,217.6814,221.20981,218.27487,218.90974,214.92303,220.02013,220.13597,214.84442,220.89337,218.79904,220.50668,219.65164,221.9719,219.46896,223.18628,217.9924,223.44354,218.76534,220.38605,223.10933,219.94197,221.73244,222.27742,220.90112,220.52731,213.7924,225.69186,218.1694,223.20279,220.87248,213.83575,218.62444,217.26569,225.85158,210.69754,221.95193,214.69421,224.08287,222.94238,216.48524,220.70514,220.82448,224.20337,218.47612,221.70801,216.49394,222.12346,212.63895,222.98412,222.94305,221.03163,219.74347,216.36438,219.58253,220.34976,222.28659,215.21567,218.16031,220.94698,223.69437,218.12976,213.74942,219.21265,218.47217,217.2128,220.50659,218.75525,219.8341,217.3331,219.31305,214.38608,224.4751,220.20773,220.0546,217.37521,224.14572,220.79285,222.77954,218.88632,219.05896,220.30019,219.12305,214.37766,220.2908,210.34914
222.00919,221.49979,218.85535,219.7294,218.86694,221.39725,212.62424,215.89925,214.89331,220.29309,222.94882,218.23941,216.55624,217.58379,222.59857,220.61725,221.94353,216.62738,216.94385,215.2901,219.34088,219.08315,216.39119,218.20277,220.98987,219.62653,218.39963,220.43257,218.8184,223.19046,220.54286,221.98378,218.62317,219.1004,218.52063,216.13684,217.08658,219.0162,222.32257,220.88548,214.99777,223.6822,217.33156,221.73602,220.91873,215.294,218.47998,216.75046,224.67963,214.1029,220.61948,213.17783,223.05573,222.14264,215.9208,219.81145,217.86646,222.80579,220.3622,222.01736,218.99783,221.77386,211.04152,222.05328,219.78993,221.38248,221.70363,218.89386,217.77513,217.313,222.47772,213.66367,219.69986,219.9099,224.3803,216.96234,214.70354,217.14175,219.12213,218.14062,220.8945,218.27313,218.474,217.94994,216.84473,215.61235,222.2816,220.46114,215.5495,217.31085,222.81804,220.8074,220.8198,216.72684,220.06085,221.69867,219.8613,215.13884,219.55402,211.85739
221.67926,220.50061,217.61923,218.41132,215.99939,220.0041,208.97336,214.02959,214.26923,218.16719,221.29593,213.71051,217.27145,214.93817,221.09192,217.61595,220.83875,216.11755,213.57977,213.95428,218.51242,220.88812,215.62685,215.34694,218.14832,219.51346,217.05832,217.2887,217.29498,221.42044,216.48424,220.27365,215.85477,217.49011,219.92169,215.42256,213.87018,220.83325,219.1882,219.67874,214.46658,222.98863,216.3758,219.08295,217.5861,210.59793,219.08128,213.41049,222.67937,212.30167,217.84755,213.30411,221.61896,219.30591,209.7886,218.9018,218.76732,222.22421,219.75578,220.60423,213.82352,218.34798,205.52611,221.47446,218.51639,218.34207,218.78653,214.50156,217.79199,215.45952,221.54892,209.93768,216.15283,217.97433,222.66197,216.17047,213.0981,218.24414,215.97319,214.2522,218.33112,213.68347,215.65475,216.83458,214.4462,209.42017,222.62863,217.75122,215.04874,212.02367,222.94131,219.41348,219.24892,212.7213,218.24045,220.27481,218.81253,208.65831,215.68164,198.28049
220.87926,222.4866,219.31653,220.66667,217.08261,220.39148,211.0216,213.85516,216.82655,220.19182,222.47205,218.24142,215.85933,214.37854,220.45108,217.56314,219.42278,213.4251,216.59906,215.16891,216.76642,220.99841,215.55533,218.42679,218.6012,219.57607,219.823,218.82043,219.9433,221.47893,215.12303,221.48181,213.78741,217.50269,221.41168,217.30014,216.90729,220.63837,220.00473,219.77213,214.68118,223.36469,216.40216,218.8758,218.96358,214.94803,218.49258,217.87485,223.9083,210.16797,219.61838,213.89145,222.45422,219.89522,212.99005,219.17966,219.89713,223.70084,217.77388,220.36755,212.50012,219.861,209.60818,219.74265,221.56693,217.06117,218.72203,214.32939,219.42621,218.44852,222.60243,211.77931,218.41292,219.99254,221.58939,217.51205,211.56909,218.7247,217.18996,215.44868,219.69202,214.63976,216.2565,215.97876,215.08441,211.31552,224.34834,219.47339,217.83351,213.22617,223.05286,219.05072,218.77533,215.13431,218.02809,221.18468,217.94046,212.17374,215.47623,209.6883
220.8824,222.66217,217.97841,220.31622,219.91345,219.33618,212.31367,216.09283,215.79385,218.26175,220.84056,216.57043,217.77206,215.91478,220.39111,217.39748,220.66809,214.64154,216.15878,212.818,217.48788,220.0173,214.99686,219.22217,218.73221,219.90085,220.05705,219.26282,219.05266,221.63388,216.67781,221.22437,212.2667,217.25891,221.67229,214.50218,218.0286,220.16272,221.07713,218.69423,214.90465,223.17761,216.46356,219.98984,218.58463,213.41805,218.82765,215.78699,223.3364,211.28564,218.37346,212.24307,222.42474,219.81699,213.85901,219.60582,219.66342,221.27402,218.97229,220.76035,212.50293,220.41934,208.0614,218.7489,220.57343,218.13867,218.86069,214.76773,220.18845,217.02151,221.69612,212.26955,217.9594,219.98984,221.84721,216.85919,210.62573,219.52441,217.75058,216.61163,218.85884,214.46225,216.73854,216.03116,216.36581,211.16287,224.12704,219.0817,218.35493,213.05411,222.90027,218.2651,219.2921,217.03572,219.64018,221.05234,218.64085,213.08429,216.26257,208.08739
220.96722,219.6524,217.9141,219.31207,216.89706,219.49512,212.3747,214.8831,214.28217,217.65369,220.78839,215.98611,213.8338,211.25723,219.04062,216.4495,218.06721,212.48349,214.8026,212.05272,216.90977,217.81436,214.2678,216.72227,216.834,218.17062,217.59288,216.73679,217.79971,219.99246,216.15683,220.72543,213.9979,214.94547,220.21182,216.15033,215.93776,219.1562,219.0019,217.45697,212.72525,221.16797,213.83784,217.67238,217.69058,210.32742,218.49638,214.4754,222.57834,205.9223,217.46759,212.03375,221.45341,219.3516,211.42583,217.00708,217.61438,221.59482,216.7139,218.37033,211.08765,218.58304,205.28934,218.53558,219.42506,217.37772,218.16394,211.57211,216.55986,217.15738,220.61041,208.81361,216.18675,218.6489,220.5765,215.80804,209.39572,217.0985,214.46739,211.42102,217.50955,213.55447,215.84007,213.59932,216.50226,208.1802,222.95062,217.81714,216.31393,213.49104,221.79868,217.61829,218.60701,213.48798,217.66232,218.81264,216.31578,207.55856,215.0155,205.79836
221.87108,220.086,217.98969,218.17581,216.43262,218.83789,211.6997,214.83276,214.07901,217.48016,221.49648,216.66562,212.97757,210.16289,220.04272,217.71387,219.95877,215.04247,214.8088,210.99783,216.78925,218.3381,213.433,216.73294,217.87376,219.21259,216.97316,218.18494,217.04817,220.5276,214.99301,221.7291,214.59225,215.9589,219.47083,216.49031,216.8935,219.14351,219.0492,217.94159,211.71335,222.16422,215.76814,219.6468,217.5244,210.84991,217.67603,214.86469,222.93684,208.02899,216.62796,211.05634,222.5656,219.81659,214.25346,217.47115,217.38062,222.48584,216.58427,219.61874,211.21216,220.12494,209.13766,217.19652,219.12238,216.61761,219.76654,213.32562,216.46054,217.55103,220.05804,210.4297,215.14151,218.93192,221.68451,215.16354,210.82112,216.53067,216.24194,212.17389,218.535,215.46722,217.95032,215.50154,215.7095,209.73322,223.12299,217.13014,216.26968,215.24945,221.95856,218.58594,219.06512,212.50467,217.90591,218.63768,217.03464,207.76779,219.09598,209.66234
218.41751,219.08847,216.67607,217.1702,212.73312,216.0608,204.97731,210.10904,214.47952,214.82176,219.63918,213.71707,212.43082,210.28186,219.50291,213.30441,217.52478,214.25638,213.2615,211.25586,216.10074,218.21152,213.27563,215.79465,215.08914,216.09119,215.75555,216.2613,216.2378,217.9537,215.0434,219.60498,213.65585,214.2633,219.49203,213.34209,213.57205,218.66206,217.26521,215.78056,210.703,221.46849,212.36725,217.45975,216.63342,207.57413,217.39362,211.14389,220.9339,207.04285,214.15135,207.14871,220.26004,218.64023,207.54611,215.69351,214.99103,220.91592,214.65656,218.85175,209.04071,216.06836,205.92557,216.88095,217.84343,216.52808,217.88643,210.84973,216.04802,216.09393,218.93335,204.6878,215.7686,216.29572,220.29149,214.75247,209.39038,217.949,212.67381,213.28354,216.66971,211.75891,215.63576,213.31464,213.80342,200.40292,222.82971,215.98717,215.70718,207.54303,220.44843,217.09598,217.3945,211.20528,216.03786,218.21738,215.69661,205.64325,214.68932,206.98392
219.27792,219.5152,216.30151,217.75272,217.33209,219.7,211.26636,213.9928,214.9343,218.49767,220.71378,214.21242,215.57,211.08383,218.9667,217.85522,218.2344,214.60776,215.79086,211.71806,215.84842,217.79648,213.63574,217.49614,215.87198,217.90349,216.68448,217.55742,217.37924,220.89633,215.54276,218.97386,214.83145,214.15686,219.8168,213.81427,215.40335,218.68948,219.67816,218.53717,213.44073,221.57059,213.38562,216.94176,217.36191,212.86438,217.41022,214.17595,221.92131,207.3565,217.3547,212.09503,220.52805,220.37016,209.83244,217.51115,216.39822,221.64299,217.69801,217.99017,211.24525,218.65334,207.08261,220.23422,218.2168,216.73105,216.819,212.38785,216.82794,214.36064,219.92972,212.64066,216.4649,216.13399,220.7891,216.13847,209.77615,216.801,217.34425,211.22055,217.78787,213.48778,216.43149,215.39949,214.48924,211.30292,221.16989,217.37729,214.9328,211.89801,221.28593,219.11954,218.02145,212.22101,217.3935,218.85881,216.34787,208.3621,216.13571,203.17792
221.24379,220.81973,219.55823,219.72307,218.79532,219.2688,212.98935,211.24863,213.90692,217.60814,220.87317,217.30795,216.54063,213.58673,219.2404,217.94241,220.70517,213.12193,217.59622,214.13078,217.43764,217.82042,216.28864,218.39444,217.89835,218.97665,217.42984,218.03476,218.02902,220.67491,216.57274,219.77313,215.20149,215.40216,220.46521,216.34982,217.14343,219.41548,219.4115,219.31616,214.20116,222.67563,215.1812,219.25714,218.05649,213.55008,220.96173,215.85815,222.78271,210.42561,219.57233,212.22482,221.90802,219.92871,210.31282,218.6329,218.75934,222.46945,219.48523,219.19579,217.36685,221.08737,209.51038,220.65784,220.60086,217.78651,218.01733,215.66452,217.18283,219.17351,220.90088,213.40967,218.59044,218.33488,221.0212,216.21169,210.71408,218.24724,217.24355,215.49069,219.0982,214.54321,215.52457,216.53029,217.16965,213.26447,221.97595,219.55267,218.25375,214.19785,221.75468,218.20282,219.10318,215.87166,218.22476,219.40627,219.47,208.50862,216.82286,206.25784
222.51443,221.89812,218.93127,220.65474,217.82237,219.77574,214.59013,215.68246,217.64133,219.99016,222.74757,217.12593,216.53014,214.63715,220.76237,218.34775,220.31497,213.50334,219.33821,211.96494,218.38016,218.23914,215.35764,218.48026,218.10236,220.03943,219.23428,218.56938,220.33896,222.85492,218.30615,221.85095,215.14209,218.09879,221.88028,216.51886,216.97644,219.32507,219.59781,218.66966,214.53133,222.42006,216.0737,219.82874,217.12659,214.43594,218.08063,216.08807,223.4206,211.21695,220.3292,213.5632,222.64706,220.03464,214.91159,218.60548,218.55653,223.02948,218.8789,220.18811,212.66443,221.37288,212.64684,220.19879,219.63948,218.41699,220.27219,214.64146,219.11882,216.54797,222.02383,214.11987,218.107,219.9126,222.18602,215.84406,210.56259,218.10228,217.65787,217.37277,219.69357,216.08728,217.68674,216.76935,216.83333,211.598,224.24942,219.53793,218.72235,213.79364,222.10944,219.32904,220.73996,215.46469,219.44696,220.06546,218.67569,205.80151,217.03345,209.97089
219.9344,220.3527,214.93167,216.34375,217.27466,219.54315,212.0426,212.9579,216.86505,218.34573,221.74707,212.19081,215.86804,213.65402,219.736,217.75781,219.34686,211.74594,213.68791,209.4808,216.3313,217.94496,211.84909,215.84135,218.54706,218.35095,214.90842,216.91774,215.50383,220.8814,216.25168,218.86903,214.20969,216.70248,218.97168,213.15906,214.40091,218.63864,219.63303,216.86673,213.22696,222.2209,216.77145,218.9736,216.06302,213.55728,216.91241,213.78445,221.43684,207.62497,218.18161,207.84686,220.45474,218.93921,213.1091,217.3288,217.02808,221.8189,216.63795,219.38495,211.8359,218.61566,203.7101,218.31833,215.83257,215.64146,218.03473,212.07803,216.71637,216.19301,219.94646,213.20996,216.11255,219.1642,221.27841,214.7688,212.40677,215.50943,217.36206,214.82388,218.27448,214.59549,214.46568,214.38705,212.44427,210.83661,221.03384,219.10446,214.08005,213.56122,221.08261,217.84543,214.86073,211.41814,217.76741,218.6019,216.98404,209.52074,215.72015,207.3482
221.54282,222.03145,219.37602,220.85947,219.02899,220.72272,212.48282,215.57262,215.58823,220.4447,223.00793,217.14473,218.79297,215.58957,221.34616,217.58957,220.99701,216.21553,217.75708,212.34363,219.36653,221.2988,216.53745,218.14363,220.00038,220.30664,219.884,219.22704,219.66739,221.2112,216.46906,223.69084,216.46255,218.66077,222.90828,217.70651,217.11578,221.50241,220.47588,219.56837,216.64124,223.35477,215.60283,219.45403,219.1761,214.78809,220.98596,217.34265,223.16306,212.80336,219.79382,212.78616,223.17136,220.81224,212.29233,219.28592,218.8534,223.44821,218.78172,219.8006,213.85818,220.94437,211.06387,219.58115,220.4736,219.73618,220.69818,215.86862,220.22984,219.13089,222.12305,213.26869,218.81348,220.65791,222.89691,216.78873,212.7555,219.72565,217.73116,216.77538,219.90138,213.54622,217.19214,217.60568,217.32721,211.52373,225.50092,219.76361,218.05637,213.29431,223.5622,219.80844,219.63402,217.32687,219.71643,221.22125,219.13643,211.5654,218.49516,210.88998
221.71527,221.98398,217.38663,221.38841,218.44373,219.8346,208.9927,214.64478,215.38815,219.92915,221.27197,216.93753,215.70079,214.43071,219.80167,217.68423,219.34506,216.16672,215.20697,212.87073,218.43663,221.18976,215.23857,217.66846,216.14105,219.17278,218.0126,217.31697,218.53911,221.64989,215.36404,220.62363,216.09229,216.07887,218.64691,216.31996,216.8845,218.98328,221.92047,217.71347,214.16122,222.14142,214.15149,219.31212,218.6341,211.81943,217.51715,216.35008,223.23535,206.79901,217.01534,209.24321,222.16957,218.74301,213.68256,218.31052,217.43271,223.42816,217.41801,220.0898,208.52614,220.75916,207.17874,218.4737,221.76242,216.90428,215.92111,212.88571,219.13425,217.87105,221.03662,212.6741,215.63406,220.20065,221.90796,216.26979,210.73412,218.3969,217.75479,215.01688,219.50874,214.0333,217.08255,217.16042,216.25409,210.00061,223.80838,216.52802,216.84418,212.24403,222.28024,218.96915,220.01215,213.38232,218.08557,220.46834,218.10898,210.1352,218.05779,207.31393
220.32121,220.79749,218.79239,218.3566,219.49188,220.87318,212.29434,210.45236,213.31863,219.23596,222.31703,217.14124,218.01208,213.93378,219.0186,217.18863,220.16917,215.64932,216.27295,213.95366,218.1212,219.35367,212.5971,218.11685,219.34448,219.882,217.70203,219.82333,217.63422,219.91577,213.90486,221.57611,215.33429,216.3482,221.21338,216.78418,218.1815,219.77484,220.63474,218.14345,210.74384,222.8505,215.74649,219.59149,218.43585,214.50223,220.03012,215.86005,223.77498,211.6506,220.50143,212.43864,221.62524,219.5891,210.98187,219.93454,217.82309,224.12604,219.25493,219.35242,216.0544,219.63995,207.92035,220.48709,219.73752,218.72742,219.51572,214.14084,217.84872,219.21446,221.33318,213.0061,217.11505,218.5982,223.3947,216.26895,211.47519,218.39085,216.1775,214.94992,220.95883,214.6226,215.28156,216.3624,214.74292,211.5023,223.60825,219.10878,217.12679,214.00427,222.36624,217.41293,218.739,215.21443,218.97095,221.14711,219.38399,210.52818,215.65752,208.88298
219.86377,220.8971,218.29352,217.03955,216.77415,218.65564,209.59799,216.35686,215.05661,216.66782,218.5824,213.49492,216.08951,212.78812,221.00635,215.11856,218.4054,216.1063,214.67557,212.77692,216.57819,220.46425,215.1802,217.21852,217.17896,217.59088,218.5773,217.21208,217.9985,218.95435,215.0546,220.85416,214.49174,215.62552,220.78198,215.29982,216.60088,219.5649,219.76926,217.00308,213.20102,221.29762,214.87694,218.45245,217.69836,213.24762,218.85124,213.89758,221.12003,211.67015,215.38718,211.7363,220.23657,219.40106,211.70183,218.21426,217.11731,220.8554,216.5944,220.46457,207.0556,217.51186,210.0141,218.71086,218.0012,217.51517,218.20364,210.27602,218.73949,215.0224,221.28049,210.60168,214.24928,217.22807,222.27087,217.11768,212.7401,218.30946,215.52669,211.72433,219.03455,215.23657,217.21805,214.8456,216.17424,208.63776,223.22482,216.43597,217.34238,208.35614,221.3917,219.11368,218.76025,213.24522,218.68796,219.13663,218.59923,204.92465,217.13324,208.81418
221.08763,222.36633,220.91711,220.98573,217.70676,220.69867,212.32303,214.98337,213.26248,219.1073,221.37682,217.63986,217.44563,216.36116,219.38931,218.64108,219.91547,212.65778,215.15634,214.2419,217.98505,217.57605,217.00229,216.81793,219.31328,220.66428,218.18933,218.4563,220.56616,221.29369,218.32999,220.66168,212.75302,215.6829,219.41034,217.66608,216.68741,218.3752,221.94305,219.32591,213.76462,221.517,215.70126,219.97481,217.78923,214.37302,219.54141,218.67386,222.73145,213.52328,218.92514,213.535,221.68289,218.47534,212.51953,219.36569,218.00458,223.44113,220.05313,219.80959,214.49324,220.30263,208.5633,218.13,222.17236,218.03027,218.25035,214.8928,218.7277,218.03476,221.19336,212.30511,219.50668,221.0267,220.91347,216.18195,208.65305,218.14037,217.79515,215.84943,219.17372,215.06427,214.69717,217.35178,215.42516,211.01613,222.51352,219.56288,218.18402,216.0541,222.55565,216.96045,218.94476,214.98077,219.10489,220.9408,217.08353,211.30618,214.94324,209.07883
220.81268,222.55324,219.27151,220.55667,217.92719,220.74637,210.80243,214.52219,217.88396,218.80267,221.93216,216.05374,218.36589,218.19644,221.05733,218.24939,221.15695,214.47182,216.67923,216.0413,218.47495,219.26187,217.23776,217.4845,219.29158,219.92186,217.9767,217.38284,219.30486,221.29916,218.33228,220.90839,218.04018,217.96515,220.69135,216.66147,215.59814,221.77525,221.15717,218.56113,217.7768,222.0492,216.4819,220.88115,219.16844,214.1474,218.48978,217.58511,222.67245,215.83682,221.03908,214.40436,221.71921,219.24673,212.17722,219.32152,220.50148,222.60876,219.39886,220.94756,214.63086,220.47136,211.88437,219.67929,219.08662,218.30222,218.88052,215.49051,219.31007,218.37888,223.20422,213.66026,220.0596,219.8125,221.28574,217.48474,215.5022,219.01735,218.68791,217.70242,220.15541,216.0018,216.42442,217.6366,216.6106,213.15955,222.87706,218.92622,217.50237,214.85764,220.91092,219.10309,218.80864,217.98889,218.85095,221.54602,217.5166,214.65482,216.75945,211.16693
220.66376,222.29419,221.63467,219.94522,218.50807,221.289,215.16797,217.5768,217.75455,220.81825,222.51492,217.23547,218.28658,215.51117,221.63054,220.35306,220.55957,219.32895,219.8239,215.47755,218.3141,218.61705,217.18085,218.7135,220.96043,221.27568,219.67459,220.17366,220.44276,221.2951,219.47389,222.18408,217.3833,219.22075,223.3122,219.17746,217.19482,221.97466,221.64438,219.89607,215.59105,223.30096,216.68188,220.40033,218.94728,215.36024,220.29512,217.22516,224.11108,217.56479,221.24991,215.90997,223.28743,221.3497,213.81898,222.2124,220.0293,224.61996,219.63712,220.5651,215.51093,220.35178,215.39372,220.86359,220.1713,219.95834,222.05315,213.87592,220.01172,219.83824,222.39194,215.54958,220.31409,220.0077,223.03839,218.57373,216.45056,220.00494,217.86955,216.31097,220.62497,218.29788,219.28699,217.26309,216.89262,213.55878,223.83235,219.58823,220.2307,217.13672,223.54797,218.99945,221.49341,216.86673,220.83566,219.95667,219.41827,211.82484,218.29474,215.46928
224.48041,223.19833,219.54828,222.06752,221.5615,222.41093,216.32997,217.05145,218.00327,221.94269,224.03001,217.37387,219.644,217.54239,222.07034,220.82874,221.0126,216.76929,219.78021,216.70322,219.85413,220.41785,217.25232,220.41017,220.67624,221.59906,221.43454,220.94305,219.53482,224.75015,219.59619,223.08684,218.39809,219.88718,222.74532,218.14072,217.62738,222.69565,222.94867,219.61975,217.61453,224.92761,219.93478,221.45068,218.54443,216.62268,219.18011,216.60898,224.62119,213.51123,221.11758,214.70811,224.09953,222.3899,216.61499,221.69037,221.58101,223.87015,221.46272,221.71516,215.24826,222.29305,210.54419,222.48804,220.42752,220.69261,222.16718,218.54,220.2826,218.4816,223.37051,215.58542,219.68117,222.42845,223.31458,218.08844,215.0864,220.24916,220.86244,218.48611,220.29636,216.00285,218.13353,218.15039,219.36252,215.89487,225.10243,221.89246,217.45508,217.28471,223.54816,221.75223,220.97252,218.13623,221.6762,221.5397,221.52682,213.60767,219.89938,211.88438
222.88635,222.62967,219.87056,218.3052,220.04642,220.59322,213.47452,216.09294,216.341,219.05814,222.73735,216.89749,219.38388,214.633,220.88846,218.82024,221.57967,215.75415,216.35803,214.28882,219.08136,221.71014,216.72687,218.56256,218.90738,220.26819,219.59851,220.15755,218.64185,221.61554,218.845,221.37958,215.73772,216.22061,220.96733,216.75745,215.7338,221.29099,220.47432,220.7787,216.3398,223.54303,215.11104,221.39642,219.77237,215.069,222.06233,216.81242,223.01674,212.69724,217.09134,211.7413,222.71695,221.40875,214.28616,219.86916,218.62561,223.22348,221.0199,222.09422,217.04227,222.18575,212.05511,220.34457,221.07144,220.11148,219.7427,215.65439,219.27573,219.61652,221.55824,210.66026,218.24545,219.24692,222.80855,218.09082,215.2049,219.6572,217.7086,218.53708,220.43103,216.88774,217.4263,217.68124,215.93805,213.25499,223.169,220.13599,218.45322,214.7823,223.21878,218.96344,220.13092,215.05475,219.98161,220.7724,220.2362,210.43951,217.75818,206.67871
222.57494,223.8221,217.11377,221.43457,219.50713,222.1957,215.04337,217.8384,218.4887,221.363,223.30832,217.71086,216.8217,216.0588,220.79388,220.26288,221.25558,215.38785,216.11526,216.07343,219.74121,221.6254,217.30838,220.03314,220.12512,221.38678,219.46117,219.12497,220.20776,223.39737,218.92711,222.54407,217.35641,217.57301,220.82935,217.67264,218.42181,220.69098,222.30923,219.27734,218.05264,223.44434,217.3817,221.48347,219.93977,217.54045,219.8318,218.66476,224.74658,211.66907,219.53522,213.90218,222.81013,220.12628,216.07742,220.66437,220.89621,223.54477,220.18663,222.88141,216.39532,222.40945,211.83563,221.31866,222.47302,220.5762,221.15167,215.92407,220.78198,218.77617,222.42499,214.47345,219.1576,221.09552,223.11523,218.93378,216.85378,219.32935,219.19148,216.6751,220.17477,219.4898,217.94135,219.48466,216.1748,214.9531,224.50795,220.91861,218.53348,216.84616,222.95874,220.97545,220.74084,217.46881,220.83453,221.35278,219.09903,213.79605,217.93741,211.04495
222.58125,223.3355,221.16022,221.28809,220.3088,221.09909,216.56409,217.88852,216.28976,220.99455,220.71973,219.1744,217.74414,215.97495,221.6113,219.46945,221.39316,215.76624,216.7962,214.93594,219.43814,220.00839,216.77142,219.40555,219.77594,220.9727,219.35184,219.59912,220.80519,222.4609,218.90958,222.9463,216.65533,216.05942,222.79634,218.23987,218.89624,220.77608,222.01294,219.20035,215.02725,222.5011,216.70053,222.13193,219.27615,215.24675,220.76265,217.60297,223.7434,211.9485,220.35242,214.26474,222.1163,221.19452,213.4597,219.97467,218.79211,221.46043,219.25217,221.58838,215.93513,221.85966,210.94363,221.0362,221.04759,219.58916,220.77953,217.20969,219.05725,218.39774,222.84082,213.61871,218.99786,219.90933,222.75284,217.71141,213.8616,218.60489,217.6862,215.68964,219.9946,217.23398,216.38492,218.04852,218.08278,212.9274,223.48665,220.7191,217.5165,216.5401,222.47119,220.26218,220.61044,218.09026,220.27048,219.88171,219.5,212.59442,217.2172,211.31015
219.93425,221.45956,216.64992,218.96342,217.91411,220.42496,212.85324,212.64365,214.1037,220.76071,222.29016,215.57303,215.16664,214.53378,217.7721,218.8725,217.94916,211.27228,215.93869,212.11438,214.75562,215.77084,210.16924,217.96729,217.5724,219.56517,216.42209,217.45004,218.3229,221.68173,216.22798,221.5116,213.577,216.48888,220.00038,215.50294,217.79868,217.74876,220.31654,216.31317,213.2414,221.65842,215.66098,218.43594,216.311,216.18977,216.86157,216.6102,222.80966,209.5216,220.04309,211.0658,221.40907,219.03087,212.05179,219.91212,218.77904,223.33693,217.17682,219.26936,214.46611,220.05222,209.49997,218.7464,219.08556,217.13861,222.17487,212.74734,217.16805,214.30698,219.22334,211.84805,217.8355,218.76651,221.32553,214.68729,208.6741,216.84077,215.84557,213.41675,219.60065,216.5958,214.54172,215.11542,213.6152,212.26848,223.01474,219.58768,217.54752,213.33813,220.60484,218.16486,218.77545,215.42969,218.40463,220.32503,216.64577,205.13077,216.23041,212.08176
222.75742,223.42203,219.32184,221.36218,221.20781,221.43106,217.28772,217.95474,216.59076,220.60225,221.11493,214.66719,218.74716,217.638,221.94751,219.2672,220.49931,212.61368,216.63345,215.65744,220.27495,219.67557,216.14514,217.55325,219.70808,219.43651,219.35364,220.10727,220.3909,222.31471,220.54659,221.4934,217.03215,217.85474,221.16502,218.27644,217.50003,221.3605,221.88129,219.15753,215.83685,222.73396,215.31047,220.54092,220.48807,212.7563,220.30196,218.26219,223.72441,212.9969,218.53008,213.11356,222.28186,221.63219,215.02252,219.79028,219.49423,222.8772,220.22754,221.03062,215.6324,220.27592,207.87906,218.768,219.26471,220.64919,220.50287,213.43184,218.75311,219.32907,222.88358,212.36438,219.91373,221.2956,221.96278,217.05713,213.82098,218.39085,216.26738,214.8173,219.80798,213.00267,216.16946,215.98764,217.26761,213.88893,223.55124,220.82442,217.56693,217.00774,222.5871,216.3418,220.64935,218.03845,219.57245,220.12088,218.48224,212.87213,216.44263,210.67322
222.36368,222.2733,220.08798,221.0283,220.11685,221.75168,215.66573,215.34933,217.27373,220.03152,223.91756,218.3977,219.09299,215.94937,222.54968,219.23892,222.05066,216.38226,217.54733,214.17877,220.77762,220.11227,215.9922,219.85818,218.50804,219.67654,220.1637,219.75967,220.52448,222.69824,218.3467,222.31483,217.79016,219.22691,222.62907,218.13702,217.49187,222.24416,219.00302,220.41737,216.6042,224.12265,217.40842,220.4234,219.65753,215.9383,219.56784,217.88162,223.5028,213.92703,219.66348,213.1597,223.03601,221.67569,215.97739,220.58821,221.20135,223.35693,219.0792,221.37524,216.35968,220.7569,210.76135,219.57635,220.31259,219.6715,221.39195,217.09666,219.37491,219.95792,221.568,213.59526,220.89322,221.00964,221.85464,217.96022,216.32938,220.56314,218.63965,218.0588,220.24622,214.77118,218.23395,218.57025,218.56241,212.44559,225.20377,221.17578,218.38078,217.80087,223.9826,219.30142,221.38353,217.63846,219.6783,221.29782,219.24405,211.45624,217.30972,215.57825
221.49377,222.41705,220.67795,221.02594,218.1222,221.65198,215.75613,216.14702,216.0492,220.30669,222.99524,219.00546,217.28053,216.15546,221.11491,219.68835,220.68327,216.87527,219.48914,215.36826,218.96954,219.52254,217.47006,218.6275,220.1179,219.36867,219.56775,217.76904,220.50232,221.82869,217.89484,221.50006,214.30107,219.2999,221.09734,218.32483,217.90094,219.93835,222.08337,218.9347,216.2255,224.13919,218.27298,220.57005,219.37492,215.87717,219.0892,218.58786,223.07095,215.81851,218.92783,214.76807,223.39465,220.69644,215.76172,219.74423,219.16776,224.02162,219.20172,220.62196,214.8427,220.62186,214.31131,219.97726,221.93675,218.69928,220.41568,214.13797,218.59843,219.17209,222.13547,215.01404,220.53946,221.31071,221.71414,217.15741,212.108,218.70113,219.19116,215.84393,219.54565,217.07887,219.11374,217.80005,218.3422,211.82352,224.5577,221.26538,220.31248,215.27614,223.46072,219.53543,220.5377,214.6913,219.55588,221.59021,219.89395,212.09338,218.6788,215.72946
221.05093,221.00137,218.02068,219.55676,215.93732,220.1203,211.9497,214.75156,215.05447,218.26291,220.82529,217.33748,216.38727,214.67012,219.8776,216.23868,221.10384,214.87999,215.21103,215.54633,216.97997,220.37369,214.08038,218.06993,217.45575,220.56769,219.30768,218.56767,220.12218,218.72446,216.44148,221.45122,216.63501,214.90947,219.45383,217.64075,216.99333,219.93735,218.87552,217.3002,214.34982,220.41745,215.33243,220.49106,217.86276,213.52463,218.10135,216.11621,222.2775,210.90712,217.46257,212.25082,221.33478,217.66415,213.4223,218.84282,219.19305,222.28995,218.06448,220.55551,210.6473,219.95947,212.39542,218.73279,219.37392,218.3018,218.73651,215.29425,219.13208,218.51796,221.3696,212.09683,217.20078,219.64178,222.16737,216.15875,212.55075,218.42018,216.72868,216.58972,219.859,216.57806,217.55261,217.41162,216.47812,207.65762,223.08008,218.84091,216.14786,212.82047,220.62894,218.92818,217.3479,215.65714,218.9544,220.21634,218.26303,210.57101,216.08833,210.05698
219.15616,219.87416,213.7886,218.34853,216.44873,220.22266,209.73627,211.36658,210.2327,217.42328,221.11589,215.28723,213.70618,214.8415,218.29156,215.18741,218.10666,212.87405,212.98392,211.26524,215.44632,218.82103,210.2172,215.39764,218.33865,218.04572,216.4505,215.88055,217.15497,219.4045,214.80942,219.39055,213.74916,216.36377,217.42621,214.81987,216.28531,217.81567,220.30373,215.68552,213.9602,220.91086,214.71187,217.51004,217.10695,215.49265,217.29666,214.52574,221.13885,206.94003,217.90955,208.40424,219.99081,216.48602,212.10973,218.53488,218.27701,221.89066,216.03186,217.54263,211.78278,219.13428,208.25606,218.52306,218.69853,216.82622,217.96915,211.68393,218.2243,216.1186,218.12067,211.62805,216.03763,219.27899,220.46478,213.21764,212.14128,217.42557,217.20032,213.85497,218.59818,216.52432,215.01425,216.4266,214.16803,208.90768,221.80429,220.14438,217.63571,213.76633,220.44339,216.95384,216.76967,214.26851,217.84383,218.62128,216.87749,207.47073,215.86685,209.80338
219.002,218.02435,212.79071,216.66785,214.71382,217.99661,209.40799,208.25357,214.40771,216.27338,218.87985,214.42734,214.22229,208.81348,218.39832,213.3216,216.47507,210.62018,213.3432,206.64536,215.77307,215.67212,210.44006,213.31021,214.12769,215.73245,215.67674,211.83289,214.75302,218.20703,212.3009,217.66667,210.35155,212.14883,216.98044,211.93411,215.00491,215.0409,218.20709,213.31493,212.22748,220.01445,212.59006,215.35199,214.68286,210.46866,217.81093,211.2699,219.53946,206.15767,215.53296,204.5972,218.96832,217.51682,208.31894,213.6348,214.00601,220.94312,216.81305,216.66605,207.92374,217.49097,203.73683,217.47568,216.79071,215.80411,216.08282,208.12085,214.01123,214.92847,215.99857,207.13521,213.91519,216.15941,219.12555,211.93967,208.51651,215.43396,214.00937,213.3898,214.88849,210.96913,211.78473,212.13817,211.40085,203.60275,221.49368,215.66,215.37216,211.0253,219.22208,215.76605,216.68945,210.87267,217.41861,217.9931,215.46289,203.655,214.0192,206.94972
215.73862,217.50067,215.6448,216.6234,212.09013,214.50116,206.97482,209.0119,210.65329,216.50446,218.02295,212.72879,207.01051,200.035,218.16898,213.28558,215.30032,207.1496,209.73853,205.76028,214.53642,215.79533,208.54935,211.40503,212.50931,216.05453,213.51021,211.08615,217.4655,219.30386,210.18378,218.10532,208.3573,207.40442,216.00964,210.64586,209.16714,217.29335,217.51074,213.63217,205.30478,219.61424,205.7883,212.89337,211.66293,205.39613,217.41357,210.2709,218.73976,205.07565,213.04787,202.3359,217.10175,217.34251,205.60382,210.53796,212.25139,217.91599,214.28696,215.0237,202.66129,212.91785,202.97566,214.73947,215.77696,212.95789,212.1112,205.84306,213.35165,213.79382,217.3793,207.69926,212.33218,213.8604,216.35416,211.2175,202.69382,213.09912,212.6924,199.24388,213.079,209.29037,212.54536,212.59294,207.71532,202.58249,220.58395,212.40787,212.11357,208.32231,220.09953,215.4816,214.43384,209.58076,214.65674,215.9325,208.39252,194.15387,210.19553,200.53615
219.69699,219.9936,216.57535,217.01355,215.93388,218.82364,207.70511,209.5412,212.68495,217.41734,220.75957,214.34564,214.17253,214.39636,219.43422,215.17119,214.12173,210.37297,213.4784,211.15771,215.1249,219.30438,213.59015,216.9791,217.41699,218.09155,215.60118,216.10233,216.66486,218.48978,211.00119,220.29668,213.46695,213.40942,219.7201,211.98978,213.1258,219.49728,218.1835,216.19894,210.80823,220.77695,215.71164,218.95297,212.8628,213.47554,217.91382,215.40552,221.65985,210.488,217.20396,209.72534,218.4054,216.31995,210.4576,216.41837,215.08813,221.52596,217.70737,216.93495,211.77148,218.03589,205.79248,219.34216,217.39761,214.56618,217.72165,210.80515,216.374,214.79108,219.94455,209.0563,216.41072,218.23468,221.41077,213.46864,209.63208,217.63634,217.23587,212.77385,216.21869,214.83444,214.41998,216.06653,211.39777,209.58078,222.00633,219.67459,214.20212,209.83435,219.75937,217.41583,218.65027,213.25809,216.14122,217.48373,216.16365,203.66046,213.85608,206.89555
221.5676,222.53195,216.73758,221.30414,217.31682,219.84723,211.67273,212.87302,214.58731,219.65524,221.51596,216.30582,216.55347,216.5833,221.55704,217.66757,218.30594,212.79227,214.63194,215.06906,217.68228,221.37701,215.46252,218.72157,219.5448,217.8981,217.7764,217.815,218.93483,221.7349,213.98251,222.48524,216.85065,215.84215,220.73203,214.50284,216.41283,220.35786,220.78275,219.22433,213.50366,222.96909,217.39253,218.45331,218.38382,215.28696,219.84404,216.16891,223.75766,214.3568,219.18483,212.7381,220.76172,219.75714,211.93002,219.33022,219.12306,221.8903,219.5403,219.79039,215.00641,218.60822,203.41467,221.40619,221.08115,218.68515,220.03912,214.33641,218.99521,216.42754,221.64313,211.614,218.25937,220.66006,221.61182,217.52045,212.5344,219.61679,217.72098,214.01117,217.8673,215.90465,215.71477,217.94221,213.57092,214.00395,223.61115,220.94322,216.28404,213.38129,222.8417,219.9057,220.62453,217.152,219.05087,220.71088,217.41,211.55453,216.80869,207.33705
221.17322,221.88316,218.57776,220.47461,217.7181,220.15756,213.63716,215.54272,215.50989,219.19243,222.7979,217.87238,217.20163,215.82005,221.06296,217.84491,220.74982,218.24498,217.21832,215.46478,216.83405,220.725,216.73119,217.41037,219.94507,218.50497,219.68613,219.4061,218.5003,220.50218,216.46605,222.89569,215.74084,218.25168,220.56839,217.28232,216.21303,220.75989,220.83304,219.14444,214.9573,222.1868,217.5213,219.91687,218.67975,215.74982,219.2904,216.59534,222.26762,214.33789,218.60913,214.76387,221.20369,220.94298,215.40427,219.57297,219.33582,222.10583,219.27463,221.24783,214.57645,220.34767,214.44484,219.37865,220.89305,219.36197,221.15213,216.60632,218.99838,218.67279,222.37805,210.82358,216.51323,219.6544,222.96799,217.83612,214.16039,220.38184,217.21568,216.41734,220.4342,217.65164,217.63477,218.01463,217.49323,208.80298,225.06154,219.96878,219.29576,217.03148,223.17659,219.33223,220.75598,215.76987,220.2081,220.94214,218.11026,213.11298,216.16545,214.3604
221.46606,222.06339,219.62521,220.87633,218.62958,220.94312,213.7262,216.28857,218.34459,220.55374,222.85654,217.9625,217.2114,216.86761,222.72682,218.4096,220.81134,215.78354,218.38957,216.76913,220.08963,221.00935,216.52776,219.61266,219.38147,220.85191,219.93478,219.401,221.11728,222.21466,219.27145,221.71878,217.63159,218.99718,221.36804,217.36382,218.93591,222.0333,221.06198,219.86539,216.2379,223.41481,217.47586,220.62039,219.45956,216.52731,219.75848,217.16376,225.09839,214.47466,219.7196,213.40947,222.88203,221.38277,216.30717,220.17703,220.02298,224.0325,220.33386,221.93004,215.75189,220.79515,213.94263,221.87946,220.50085,219.74466,220.33397,215.8449,219.6581,218.72342,222.57487,214.97227,220.4098,220.56705,223.23648,218.10368,214.38264,219.04337,219.29689,216.8948,220.34145,217.74014,218.73996,219.40283,216.76622,214.98938,224.24658,219.78473,218.31244,213.87128,222.87082,220.81519,220.5831,217.35304,219.52242,221.5087,220.27396,213.57755,218.27048,210.19981
222.07274,220.66864,218.4132,221.04877,217.66557,220.44867,214.27866,214.56992,216.1384,217.57794,220.14728,216.42114,216.36627,214.7424,220.40701,217.80269,220.5314,213.74348,214.51913,214.91826,217.96954,218.34776,216.77896,216.7559,219.47581,219.28775,217.1927,218.81245,217.97559,220.45027,214.74742,220.09268,216.48163,216.50594,220.39496,216.8443,217.22852,219.30594,218.58195,219.1736,216.25269,222.31512,215.73865,219.54544,218.1948,212.62006,220.53534,216.4009,223.11609,210.87495,219.34352,214.35722,221.73196,219.15387,212.4252,218.44373,218.3075,221.76561,218.37802,219.18506,215.77603,219.18588,209.7686,220.39424,219.92876,218.09544,219.6424,213.12831,217.18779,218.29015,221.6414,211.46335,218.11554,219.81653,221.69809,217.01851,213.38577,217.57642,215.36313,213.53479,216.48184,215.26566,216.66196,217.0543,217.57973,214.01901,222.33499,217.7174,217.37546,215.40842,221.81163,218.8996,220.59874,216.61342,218.41563,219.46722,217.51984,211.05853,215.70523,210.65756
218.85269,218.77245,217.57108,218.05759,215.54346,218.13942,209.96727,213.07579,208.38156,216.01355,219.62544,213.94681,213.73666,210.67516,217.7414,214.7717,218.7085,211.33234,211.49615,208.70784,215.19302,216.97177,212.9592,214.40416,216.3765,216.37415,214.04773,215.35791,216.76294,218.84796,215.09306,219.77608,211.48862,214.54015,217.4798,214.39832,216.1223,216.78839,219.67252,216.62032,209.07834,220.02098,212.21448,217.73053,217.94687,209.1225,218.04568,212.63239,221.30704,208.22668,216.2604,207.71036,220.88469,218.3371,209.78732,217.06259,215.34958,221.27188,216.05876,218.68323,212.4024,218.88948,202.6549,217.41296,218.70274,217.17229,217.4338,211.99223,215.71149,214.45773,219.07019,206.22733,214.99652,217.42194,221.30325,212.3825,209.33743,215.65265,213.74585,211.4666,218.47824,213.4195,214.56174,213.33188,214.83531,204.84625,221.11627,216.78644,215.37389,211.3566,220.74219,216.53479,218.0061,211.35872,216.85728,219.77344,217.93729,202.88329,215.77516,207.21198
